region,location,latitude,longitude,area,murder_count,rape_count,gangrape_count,robbery_count,theft_count,assault_count,sexual_harassment_count,total_crime,crime_density,source_file,source_type,is_synthetic,log_murder_count,murder_count_per_area,log_rape_count,rape_count_per_area,log_gangrape_count,gangrape_count_per_area,log_robbery_count,robbery_count_per_area,log_theft_count,theft_count_per_area,log_assault_count,assault_count_per_area,log_sexual_harassment_count,sexual_harassment_count_per_area,murder_count_ratio,rape_count_ratio,gangrape_count_ratio,robbery_count_ratio,theft_count_ratio,assault_count_ratio,sexual_harassment_count_ratio,severity_score,log_severity_score,scaled_latitude,scaled_longitude,nearest_neighbor_density
Delhi,CHITRANJAN PARK,28.53632,77.2492,2.659329537,2,6,1,35,442,19,7,512,192.5297308,crime.csv,real,False,1.0986122886681098,0.7520692611327169,1.9459101490553132,2.2562077833981506,0.6931471805599453,0.37603463056635844,3.58351893845611,13.161212069822545,6.093569770045136,166.2073067103304,2.995732273553991,7.14465798076081,2.0794415416798357,2.632242413964509,0.00390625,0.01171875,0.001953125,0.068359375,0.86328125,0.037109375,0.013671875,782.0,6.663132695990803,-1.5691035127933683,0.7129051305364611,57.79833513421346
Delhi,DABRI,28.61268,77.086,3.401013428,8,28,0,79,240,26,16,397,116.7299125,crime.csv,real,False,2.1972245773362196,2.352240051196881,3.367295829986474,8.232840179189083,0.0,0.0,4.382026634673881,23.2283705055692,5.484796933490655,70.56720153590643,3.295836866004329,7.644780166389863,2.833213344056216,4.704480102393762,0.020151133501259445,0.07052896725440806,0.0,0.19899244332493704,0.6045340050377834,0.0654911838790932,0.04030226700251889,1054.0,6.961296045910167,-0.4257738789295598,-1.1517419892285286,54.40740391708688
Delhi,MALVIYA NAGAR,28.52989,77.20418,1.379853572,3,28,1,33,694,63,15,837,606.5861022,crime.csv,real,False,1.3862943611198906,2.1741437358833027,3.367295829986474,20.29200820157749,0.6931471805599453,0.7247145786277676,3.5263605246161616,23.91558109471633,6.543911845564792,502.9519175676707,4.1588830833596715,45.657018453549355,2.772588722239781,10.870718679416514,0.0035842293906810036,0.03345280764635603,0.0011947431302270011,0.03942652329749104,0.8291517323775388,0.07526881720430108,0.017921146953405017,1464.0,7.289610521451167,-1.6653791747334166,0.19852759786591492,38.436641773919646
Delhi,CHANDNI MAHAL,28.64361,77.23608,5.570696132,1,8,1,23,529,19,7,588,105.5523378,crime.csv,real,False,0.6931471805599453,0.17951077860012055,2.1972245773362196,1.4360862288009644,0.6931471805599453,0.17951077860012055,3.1780538303479458,4.128747907802773,6.272877006546167,94.96120187946377,2.995732273553991,3.4107047934022905,2.0794415416798357,1.256575450200844,0.0017006802721088435,0.013605442176870748,0.0017006802721088435,0.0391156462585034,0.8996598639455783,0.03231292517006803,0.011904761904761904,827.0,6.71901315438526,0.03733750890968455,0.5630021267906434,96.56054880411331
Delhi,MODEL TOWN,28.70257,77.19369,2.689157085,0,4,1,45,393,9,14,466,173.2885009,crime.csv,real,False,0.0,0.0,1.6094379124341003,1.487454943525547,0.6931471805599453,0.37186373588138677,3.828641396489095,16.733868114662403,5.976350909297934,146.142448201385,2.302585092994046,3.346773622932481,2.70805020110221,5.206092302339415,0.0,0.008583690987124463,0.002145922746781116,0.09656652360515021,0.8433476394849786,0.019313304721030045,0.030042918454935622,715.0,6.573680166960646,0.9201389129512263,0.07867374807231249,53.938930815119434
Delhi,ANANDVIHAR,28.65335,77.29373,4.558969692,10,14,0,99,457,24,15,619,135.776292,crime.csv,real,False,2.3978952727983707,2.193478060963604,2.70805020110221,3.0708692853490462,0.0,0.0,4.605170185988092,21.715432803539684,6.126869184114185,100.24194738603671,3.2188758248682006,5.2643473463126504,2.772588722239781,3.2902170914454065,0.01615508885298869,0.022617124394184167,0.0,0.15993537964458804,0.7382875605815832,0.03877221324717286,0.024232633279483037,1245.0,7.1276936993473985,0.18317342606309198,1.2216841516340302,62.26319488147698
Delhi,KASHMERE GATE,28.66645,77.22618,1.627909974,0,9,3,17,340,17,12,398,244.4852641,crime.csv,real,False,0.0,0.0,2.302585092994046,5.528561249542415,1.3862943611198906,1.8428537498474715,2.8903717578961645,10.44283791580234,5.831882477283517,208.85675831604678,2.8903717578961645,10.44283791580234,2.5649493574615367,7.371414999389886,0.0,0.022613065326633167,0.007537688442211055,0.04271356783919598,0.8542713567839196,0.04271356783919598,0.03015075376884422,640.0,6.46302945692067,0.3793182427684001,0.4498893419519402,69.80982708685761
Delhi,GOVIND PURI,28.53067,77.26532,8.99271206,1,4,3,31,692,5,5,741,82.40005852,crime.csv,real,False,0.6931471805599453,0.11120115859686493,1.6094379124341003,0.4448046343874597,1.3862943611198906,0.3336034757905948,3.4657359027997265,3.447235916502813,6.541029999189903,76.95120174903053,1.791759469228055,0.5560057929843246,1.791759469228055,0.5560057929843246,0.001349527665317139,0.005398110661268556,0.004048582995951417,0.04183535762483131,0.9338731443994602,0.006747638326585695,0.006747638326585695,930.0,6.836259277277067,-1.6537003230517444,0.8970847357485475,67.94211754059668
Delhi,BINDAPUR,28.6091,77.06618,2.5680795,4,4,1,64,417,11,8,509,198.2025868,crime.csv,real,False,1.6094379124341003,1.5575841791502172,1.6094379124341003,1.5575841791502172,0.6931471805599453,0.3893960447875543,4.174387269895637,24.921346866403475,6.035481432524756,162.37815067641014,2.4849066497880004,4.283356492663097,2.1972245773362196,3.1151683583004344,0.007858546168958742,0.007858546168958742,0.0019646365422396855,0.12573673870333987,0.8192534381139489,0.021611001964636542,0.015717092337917484,841.0,6.7357800142423265,-0.47937681357114925,-1.378196069582287,53.44557886237239
Delhi,NEW FRIENDS COLONY,28.56234,77.2676,4.04538671,6,7,1,47,609,14,10,694,171.5534385,crime.csv,real,False,1.9459101490553132,1.4831709376926292,2.0794415416798357,1.730366093974734,0.6931471805599453,0.24719515628210487,3.871201010907891,11.618172345258929,6.413458957167357,150.54185017580187,2.70805020110221,3.460732187949468,2.3978952727983707,2.4719515628210487,0.008645533141210375,0.010086455331412104,0.001440922190201729,0.06772334293948126,0.877521613832853,0.020172910662824207,0.01440922190201729,1032.0,6.940222469119639,-1.179508999001661,0.9231349528628988,43.79266472353472
Delhi,SARITA VIHAR,28.52299,77.30617,7.942774025,1,12,0,12,211,8,1,245,30.84564653,crime.csv,real,False,0.6931471805599453,0.1259005980596307,2.5649493574615367,1.5108071767155682,0.0,0.0,2.5649493574615367,1.5108071767155682,5.356586274672012,26.565026190582074,2.1972245773362196,1.0072047844770455,0.6931471805599453,0.1259005980596307,0.004081632653061225,0.04897959183673469,0.0,0.04897959183673469,0.8612244897959184,0.0326530612244898,0.004081632653061225,409.0,6.016157159698354,-1.7686920934560737,1.3638177923807966,31.54024607695689
Delhi,TIMARPUR,28.7072,77.2242,6.149745104,8,17,1,60,626,23,5,740,120.3301905,crime.csv,real,False,2.1972245773362196,1.3008669245163564,2.8903717578961645,2.7643422145972574,0.6931471805599453,0.16260836556454455,4.110873864173311,9.756501933872674,6.440946540632921,101.79283684340488,3.1780538303479458,3.7399924079845244,1.791759469228055,0.8130418278227227,0.010810810810810811,0.022972972972972974,0.0013513513513513514,0.08108108108108109,0.845945945945946,0.031081081081081083,0.006756756756756757,1226.0,7.112327444710911,0.9894633787027715,0.42726678498416704,41.39242043290518
Delhi,KANJHAWALA,28.72582,77.00361,35.4901909,1,5,2,15,307,21,10,361,10.17182469,crime.csv,real,False,0.6931471805599453,0.028176799691432483,1.791759469228055,0.14088399845716243,1.0986122886681098,0.056353599382864966,2.772588722239781,0.42265199537148723,5.730099782973574,8.650277505269772,3.091042453358316,0.5917127935200822,2.3978952727983707,0.28176799691432486,0.002770083102493075,0.013850415512465374,0.00554016620498615,0.04155124653739612,0.850415512465374,0.05817174515235457,0.027700831024930747,580.0,6.364750756851911,1.2682585303861413,-2.0930917208304978,15.010255328191898
Delhi,ANAND PARBAT,28.66004,77.17376,1.948430286,5,20,1,77,374,35,9,521,267.394735,crime.csv,real,False,1.791759469228055,2.566168282194316,3.044522437723423,10.264673128777265,0.6931471805599453,0.5132336564388632,4.356708826689592,39.51899154579247,5.926926025970411,191.94938750813483,3.58351893845611,17.963177975360214,2.302585092994046,4.6191029079497685,0.009596928982725527,0.03838771593090211,0.0019193857965451055,0.14779270633397312,0.7178502879078695,0.0671785028790787,0.01727447216890595,1112.0,7.014814351275545,0.2833420385637153,-0.14903714100194995,59.05169600609528
Delhi,SAGARPUR,28.59139,77.08644,1.283551172,2,7,0,11,180,4,4,208,162.0504149,crime.csv,real,False,1.0986122886681098,1.558177066586014,2.0794415416798357,5.453619733051049,0.0,0.0,2.4849066497880004,8.569973866223076,5.198497031265826,140.23593599274125,1.6094379124341003,3.116354133172028,1.6094379124341003,3.116354133172028,0.009615384615384616,0.03365384615384615,0.0,0.052884615384615384,0.8653846153846154,0.019230769230769232,0.019230769230769232,336.0,5.820082930352362,-0.7445466382925859,-1.1467147543468375,50.56376838889068
Delhi,PRASHANT VIHAR,28.71793,77.12757,2.076678927,7,8,0,41,457,39,14,566,272.5505578,crime.csv,real,False,2.0794415416798357,3.370766616345599,2.1972245773362196,3.8523047043949705,0.0,0.0,3.7376696182833684,19.743061610024224,6.126869184114185,220.0629062385627,3.6888794541139363,18.779985433925482,2.70805020110221,6.741533232691198,0.012367491166077738,0.014134275618374558,0.0,0.07243816254416961,0.8074204946996466,0.06890459363957598,0.024734982332155476,1006.0,6.914730892718563,1.1501224537598316,-0.6767825482441997,59.08416702798009
Delhi,SOUTH CAMPUS,28.57051,77.179,4.518856098,10,11,1,38,248,8,9,325,71.92085629,crime.csv,real,False,2.3978952727983707,2.2129494241752683,2.4849066497880004,2.4342443665927953,0.6931471805599453,0.22129494241752684,3.6635616461296463,8.40920781186602,5.517452896464707,54.88114571954666,2.1972245773362196,1.7703595393402147,2.302585092994046,1.9916544817577417,0.03076923076923077,0.033846153846153845,0.003076923076923077,0.11692307692307692,0.7630769230769231,0.024615384615384615,0.027692307692307693,673.0,6.513230110912307,-1.0571805140793595,-0.08916734377419613,41.15807081336634
Delhi,ROHINI SOUTH,28.70236,77.1159,2.649542395,6,14,0,96,560,24,5,705,266.0836835,crime.csv,real,False,1.9459101490553132,2.264541987070186,2.70805020110221,5.283931303163768,0.0,0.0,4.574710978503383,36.232671793122975,6.329720905522696,211.3572521265507,3.2188758248682006,9.058167948280744,1.791759469228055,1.8871183225584884,0.00851063829787234,0.019858156028368795,0.0,0.13617021276595745,0.7943262411347518,0.03404255319148936,0.0070921985815602835,1256.0,7.136483208590247,0.9169946067291925,-0.8101185279480876,68.47482013656013
Delhi,PUNJABI BAGH,28.67441,77.13276,2.57731064,9,24,0,64,1251,54,19,1421,551.349914,crime.csv,real,False,2.302585092994046,3.492012123148648,3.2188758248682006,9.312032328396395,0.0,0.0,4.174387269895637,24.832086209057053,7.132497551660044,485.38968511766205,4.007333185232471,20.952072738891886,2.995732273553991,7.372025593313812,0.0063335679099225895,0.01688951442646024,0.0,0.045038705137227304,0.88036593947924,0.038001407459535536,0.013370865587614356,2135.0,7.666690200080086,0.4985024214687211,-0.6174840277075693,42.556877550099735
Delhi,DWARKA NORTH,28.60369,77.01564,30.06854798,3,2,0,10,104,10,13,142,4.722542641,crime.csv,real,False,1.3862943611198906,0.09977202763483758,1.0986122886681098,0.06651468508989172,0.0,0.0,2.3978952727983707,0.3325734254494586,4.653960350157523,3.4587636246743694,2.3978952727983707,0.3325734254494586,2.6390573296152584,0.43234545308429617,0.02112676056338028,0.014084507042253521,0.0,0.07042253521126761,0.7323943661971831,0.07042253521126761,0.09154929577464789,292.0,5.680172609017068,-0.5603801310044199,-1.955642548950651,22.843144837978375
Delhi,BURARI,28.73664,77.19735,11.3338763,3,12,0,56,562,21,17,671,59.203046,crime.csv,real,False,1.3862943611198906,0.2646932012130748,2.5649493574615367,1.0587728048522993,0.0,0.0,4.04305126783455,4.940939755977396,6.333279628139691,49.585859693916014,3.091042453358316,1.8528524084915237,2.8903717578961645,1.499928140207424,0.004470938897168405,0.01788375558867362,0.0,0.08345752608047691,0.8375558867362146,0.03129657228017884,0.02533532041728763,1085.0,6.990256500493881,1.4302651652526825,0.1204912018611182,31.493819305646433
Delhi,JAMA MASJID,28.65284,77.23362,3.817050224,4,19,0,13,317,10,1,364,95.36159563,crime.csv,real,False,1.6094379124341003,1.0479296224214418,2.995732273553991,4.977665706501849,0.0,0.0,2.6390573296152584,3.405771272869686,5.762051382780177,83.04842257689927,2.3978952727983707,2.619824056053605,0.6931471805599453,0.26198240560536046,0.01098901098901099,0.0521978021978022,0.0,0.03571428571428571,0.8708791208791209,0.027472527472527472,0.0027472527472527475,615.0,6.423246963533519,0.17553725380970317,0.5348953135883128,87.21470664415585
Delhi,ADRASH NAGAR,28.70984,77.17532,1.646190527,3,15,0,41,354,18,3,434,263.6389852,crime.csv,real,False,1.3862943611198906,1.8223892986841372,2.772588722239781,9.111946493420685,0.0,0.0,3.7376696182833684,24.90598708201654,5.872117789475416,215.0419372447282,2.9444389791664403,10.934335792104823,1.3862943611198906,1.8223892986841372,0.0069124423963133645,0.03456221198156682,0.0,0.0944700460829493,0.815668202764977,0.041474654377880185,0.0069124423963133645,770.0,6.647688373563329,1.0289917997792497,-0.13121330823951616,50.068404694386395
Delhi,CHANAKYAPURI,28.60337,77.19606,10.99345252,1,7,2,40,649,20,4,723,65.76641857,crime.csv,real,False,0.6931471805599453,0.09096323454171792,2.0794415416798357,0.6367426417920254,1.0986122886681098,0.18192646908343585,3.713572066704308,3.638529381668717,6.476972362889683,59.03513921757494,3.044522437723423,1.8192646908343586,1.6094379124341003,0.3638529381668717,0.0013831258644536654,0.009681881051175657,0.0027662517289073307,0.05532503457814661,0.8976486860304288,0.027662517289073305,0.005532503457814661,1009.0,6.917705609835305,-0.5651714547712448,0.10575226323065347,35.89890933033876
Delhi,PANDAV NAGAR,28.62038,77.30265,1.470612978,5,16,3,27,351,23,10,435,295.7950231,crime.csv,real,False,1.791759469228055,3.3999427958264627,2.833213344056216,10.87981694664468,1.3862943611198906,2.0399656774958776,3.332204510175204,18.3596910974629,5.863631175598097,238.6759842670177,3.1780538303479458,15.639736860801728,2.3978952727983707,6.7998855916529255,0.011494252873563218,0.0367816091954023,0.006896551724137931,0.06206896551724138,0.8068965517241379,0.052873563218390804,0.022988505747126436,819.0,6.709304340258298,-0.31048265078981396,1.3235999133271041,82.15228357863678
Delhi,MIANWALI NAGAR,28.67965,77.08879,1.729847853,1,12,1,46,400,27,8,495,286.1523337,crime.csv,real,False,0.6931471805599453,0.5780855225306337,2.5649493574615367,6.937026270367605,0.6931471805599453,0.5780855225306337,3.8501476017100584,26.591934036409153,5.993961427306569,231.2342090122535,3.332204510175204,15.608309108327111,2.1972245773362196,4.62468418024507,0.00202020202020202,0.024242424242424242,0.00202020202020202,0.09292929292929293,0.8080808080808081,0.05454545454545454,0.01616161616161616,866.0,6.7650389767805414,0.5769603481507911,-1.1198647498648484,49.08658539478359
Delhi,FATEHPUR BERI,28.46549,77.15114,35.89559495,7,10,0,60,683,7,9,776,21.61825152,crime.csv,real,False,2.0794415416798357,0.19501000080234077,2.3978952727983707,0.2785857154319154,0.0,0.0,4.110873864173311,1.6715142925914923,6.52795791762255,19.02740436399982,2.0794415416798357,0.19501000080234077,2.302585092994046,0.25072714388872386,0.00902061855670103,0.01288659793814433,0.0,0.07731958762886598,0.8801546391752577,0.00902061855670103,0.011597938144329897,1144.0,7.0431599159883405,-2.629633082811354,-0.40748271605764586,14.014003698838167
Delhi,NABI KARIM,28.64981,77.21754,1.799866446,4,4,0,29,612,6,5,660,366.6938741,crime.csv,real,False,1.6094379124341003,2.2223871159382678,1.6094379124341003,2.2223871159382678,0.0,0.0,3.4011973816621555,16.112306590552443,6.418364935936212,340.025228738555,1.9459101490553132,3.333580673907402,1.791759469228055,2.777983894922835,0.006060606060606061,0.006060606060606061,0.0,0.04393939393939394,0.9272727272727272,0.00909090909090909,0.007575757575757576,850.0,6.7464121285733745,0.13016940689233567,0.3511727297290925,113.69748554436568
Delhi,RAJOURI GARDEN,28.63969,77.11992,1.731624057,1,7,0,37,567,20,4,636,367.2852645,crime.csv,real,False,0.6931471805599453,0.5774925544361388,2.0794415416798357,4.042447881052971,0.0,0.0,3.6375861597263857,21.367224514137135,6.342121418721152,327.43827836529067,3.044522437723423,11.549851088722775,1.6094379124341003,2.309970217744555,0.0015723270440251573,0.0110062893081761,0.0,0.05817610062893082,0.8915094339622641,0.031446540880503145,0.006289308176100629,897.0,6.8001700683022,-0.02135620723414641,-0.7641878819833231,64.4766638948253
Delhi,JAHANGIR PURI,28.73358,77.17487,2.463668046,1,23,1,17,441,36,6,525,213.0968906,crime.csv,real,False,0.6931471805599453,0.40589883918151853,3.1780538303479458,9.335673301174927,0.6931471805599453,0.40589883918151853,2.8903717578961645,6.900280266085815,6.091309882077698,179.00138807904966,3.6109179126442243,14.612358210534667,1.9459101490553132,2.435393035089111,0.0019047619047619048,0.04380952380952381,0.0019047619047619048,0.03238095238095238,0.84,0.06857142857142857,0.011428571428571429,916.0,6.821107472256465,1.3844481317321902,-0.1363547984594646,51.49529227683255
Delhi,KAMLA MARKET,28.64295,77.22621,3.095888323,4,11,0,5,107,7,5,139,44.89826037,crime.csv,real,False,1.6094379124341003,1.2920362696170808,2.4849066497880004,3.553099741446972,0.0,0.0,1.791759469228055,1.615045337021351,4.68213122712422,34.56197021225691,2.0794415416798357,2.261063471829891,1.791759469228055,1.615045337021351,0.02877697841726619,0.07913669064748201,0.0,0.03597122302158273,0.7697841726618705,0.050359712230215826,0.03597122302158273,310.0,5.739792912179234,0.027455403640564993,0.4502321079665493,108.08307639113421
Delhi,BARAKHAMBA ROAD,28.63089,77.22498,3.748441999,9,14,1,125,808,16,38,1011,269.7120565,crime.csv,real,False,2.302585092994046,2.4009975350828414,2.70805020110221,3.734885054573309,0.6931471805599453,0.2667775038980935,4.836281906951478,33.34718798726169,6.695798917058491,215.55622314965956,2.833213344056216,4.268440062369496,3.6635616461296463,10.137545148127554,0.008902077151335312,0.013847675568743818,0.0009891196834817012,0.12363996043521266,0.7992087042532147,0.01582591493570722,0.03758654797230465,1751.0,7.468513271496337,-0.15311761082244257,0.4361787013654651,77.43496377507053
Delhi,SAFDARJUNG ENCLAVE,28.56934,77.20489,2.366255942,2,7,0,1,83,3,10,106,44.79650663,crime.csv,real,False,1.0986122886681098,0.8452171062736205,2.0794415416798357,2.958259871957672,0.0,0.0,0.6931471805599453,0.4226085531368102,4.430816798843313,35.07650991035525,1.3862943611198906,1.2678256594104307,2.3978952727983707,4.226085531368103,0.018867924528301886,0.0660377358490566,0.0,0.009433962264150943,0.7830188679245284,0.02830188679245283,0.09433962264150944,218.0,5.389071729816501,-1.0746987916018678,0.20663972687973764,56.965183510170796
Delhi,MUKHERJI NAGAR,28.70024,77.20856,6.149745104,1,8,0,54,789,14,7,873,141.9571031,crime.csv,real,False,0.6931471805599453,0.16260836556454455,2.1972245773362196,1.3008669245163564,0.0,0.0,4.007333185232471,8.780851740485405,6.672032945461067,128.29800043042565,2.70805020110221,2.2765171179036234,2.0794415416798357,1.1382585589518117,0.001145475372279496,0.009163802978235968,0.0,0.061855670103092786,0.9037800687285223,0.016036655211912942,0.008018327605956471,1177.0,7.071573364211532,0.8852520867738647,0.24857143600680048,67.5810242034255
Delhi,FARASH BAZAR,28.66879,77.29224,1.721757744,6,3,1,20,374,14,9,427,248.0023694,crime.csv,real,False,1.9459101490553132,3.4848108108756093,1.3862943611198906,1.7424054054378046,0.6931471805599453,0.5808018018126015,3.044522437723423,11.616036036252032,5.926926025970411,217.219873877913,2.70805020110221,8.131225225376422,2.302585092994046,5.227216216313414,0.01405152224824356,0.00702576112412178,0.00234192037470726,0.0468384074941452,0.8758782201405152,0.03278688524590164,0.02107728337236534,653.0,6.483107351457199,0.41435479781347,1.2046601062392341,75.83714752158052
Delhi,KALKAJI,28.53321,77.25743,2.659329537,2,9,0,17,141,8,2,179,67.31019886,crime.csv,real,False,1.0986122886681098,0.7520692611327169,2.302585092994046,3.3843116750972255,0.0,0.0,2.8903717578961645,6.392588719628093,4.955827057601261,53.02088290985654,2.1972245773362196,3.0082770445308675,1.0986122886681098,0.7520692611327169,0.0111731843575419,0.05027932960893855,0.0,0.09497206703910614,0.7877094972067039,0.0446927374301676,0.0111731843575419,349.0,5.857933154483459,-1.6156691906524023,0.8069372738922266,66.55683928858762
Delhi,KALKAJI,28.54728,77.25644,2.745338744,2,9,0,17,141,8,2,179,65.20142565,crime.csv,real,False,1.0986122886681098,0.7285075491580211,2.302585092994046,3.278283971211095,0.0,0.0,2.8903717578961645,6.192314167843179,4.955827057601261,51.359782215640486,2.1972245773362196,2.9140301966320843,1.0986122886681098,0.7285075491580211,0.0111731843575419,0.05027932960893855,0.0,0.09497206703910614,0.7877094972067039,0.0446927374301676,0.0111731843575419,349.0,5.857933154483459,-1.405000673778858,0.79562599540834,59.28098410585857
Delhi,PARSHAD NAGAR,28.64784,77.18053,4.104570166,1,12,2,36,466,6,13,536,130.5861462,crime.csv,real,False,0.6931471805599453,0.24363086987364707,2.5649493574615367,2.9235704384837646,1.0986122886681098,0.48726173974729414,3.6109179126442243,8.770711315451294,6.1463292576688975,113.53198536111954,1.9459101490553132,1.4617852192418823,2.6390573296152584,3.167201308357412,0.0018656716417910447,0.022388059701492536,0.0037313432835820895,0.06716417910447761,0.8694029850746269,0.011194029850746268,0.024253731343283583,816.0,6.705639094860003,0.10067281995268529,-0.07168627702637145,66.82174246994977
Delhi,LODHI COLONY,28.58744,77.24047,2.11696063,0,5,0,17,168,13,5,208,98.25407096,crime.csv,real,False,0.0,0.0,1.791759469228055,2.36187670622859,0.0,0.0,2.8903717578961645,8.030380801177206,5.1298987149230735,79.35905732928062,2.6390573296152584,6.140879436194333,1.791759469228055,2.36187670622859,0.0,0.02403846153846154,0.0,0.08173076923076923,0.8076923076923077,0.0625,0.02403846153846154,361.0,5.8916442118257715,-0.803689541039595,0.6131602202696238,59.455115409000435
Delhi,INDERPURI,28.63077,77.14501,1.255396299,0,13,0,17,212,31,5,278,221.4440175,crime.csv,real,False,0.0,0.0,2.6390573296152584,10.35529578218073,0.0,0.0,2.8903717578961645,13.54154063823634,5.3612921657094255,168.8709773709473,3.4657359027997265,24.693397634430973,1.791759469228055,3.9828060700695116,0.0,0.046762589928057555,0.0,0.06115107913669065,0.762589928057554,0.11151079136690648,0.017985611510791366,559.0,6.327936783729195,-0.15491435723504846,-0.4775212383870394,53.68311408290233
Delhi,OKHLA,28.52678,77.27462,1.71603619,6,27,3,8,174,13,13,244,142.1881435,crime.csv,real,False,1.9459101490553132,3.496429757696427,3.332204510175204,15.73393390963392,1.3862943611198906,1.7482148788482135,2.1972245773362196,4.661906343595236,5.1647859739235145,101.39646297319638,2.6390573296152584,7.575597808342258,2.6390573296152584,7.575597808342258,0.02459016393442623,0.11065573770491803,0.012295081967213115,0.03278688524590164,0.7131147540983607,0.05327868852459016,0.05327868852459016,626.0,6.440946540632921,-1.7119448525925036,1.003342200293932,50.756262321760346
Delhi,SAMAYPURBADLI,28.72516,77.14219,3.249865013,0,2,0,5,74,7,2,90,27.69345792,crime.csv,real,False,0.0,0.0,1.0986122886681098,0.6154101761149056,0.0,0.0,1.791759469228055,1.5385254402872641,4.31748811353631,22.770176516251507,2.0794415416798357,2.1539356164021695,1.0986122886681098,0.6154101761149056,0.0,0.022222222222222223,0.0,0.05555555555555555,0.8222222222222222,0.07777777777777778,0.022222222222222223,153.0,5.0369526024136295,1.2583764251170217,-0.5097412437653288,48.8946935083406
Delhi,JAFFARPUR KALAN,28.59572,76.91555,70.46948722,2,11,1,35,719,8,5,781,11.08281089,crime.csv,real,False,1.0986122886681098,0.02838107780969319,2.4849066497880004,0.15609592795331254,0.6931471805599453,0.014190538904846594,3.58351893845611,0.4966688616696308,6.579251212010101,10.202997472584702,2.1972245773362196,0.11352431123877275,1.791759469228055,0.07095269452423297,0.002560819462227913,0.014084507042253521,0.0012804097311139564,0.04481434058898848,0.9206145966709347,0.010243277848911651,0.006402048655569782,1036.0,6.9440872082295275,-0.6797140385724492,-3.0992242292036543,12.597783353208976
Delhi,MAYA PURI,28.62657,77.12084,2.553754816,3,21,2,17,256,28,17,344,134.7036128,crime.csv,real,False,1.3862943611198906,1.1747408095734746,3.091042453358316,8.223185667014322,1.0986122886681098,0.7831605397156498,2.8903717578961645,6.656864587583023,5.54907608489522,100.24454908360318,3.367295829986474,10.964247556019098,2.8903717578961645,6.656864587583023,0.00872093023255814,0.061046511627906974,0.005813953488372093,0.04941860465116279,0.7441860465116279,0.08139534883720931,0.04941860465116279,748.0,6.618738983517219,-0.21780048167487112,-0.753676390866912,50.516999515624434
Delhi,AMAN VIHAR,28.70965,77.06081,3.296887934,10,14,1,84,487,25,12,633,191.9992467,crime.csv,real,False,2.3978952727983707,3.03316345601937,2.70805020110221,4.246428838427118,0.6931471805599453,0.303316345601937,4.442651256490317,25.478573030562707,6.1903154058531475,147.7150603081433,3.258096538021482,7.582908640048425,2.5649493574615367,3.639796147223244,0.01579778830963665,0.022116903633491312,0.001579778830963665,0.13270142180094788,0.7693522906793049,0.03949447077409163,0.018957345971563982,1217.0,7.1049654482698426,1.0261469512926857,-1.4395511862068968,35.90333710673374
Delhi,VIJAY VIHAR,28.71003,77.10186,2.649542395,0,3,0,9,232,6,5,255,96.24303447,crime.csv,real,False,0.0,0.0,1.3862943611198906,1.132270993535093,0.0,0.0,2.302585092994046,3.396812980605279,5.4510384535657,87.56229016671386,1.9459101490553132,2.264541987070186,1.791759469228055,1.8871183225584884,0.0,0.011764705882352941,0.0,0.03529411764705882,0.9098039215686274,0.023529411764705882,0.0196078431372549,342.0,5.8377304471659395,1.0318366482658134,-0.9705330228101541,52.676551749963515
Delhi,AMAR COLONY,28.55914,77.24093,1.505936692,3,14,1,88,484,17,40,647,429.6329345,crime.csv,real,False,1.3862943611198906,1.9921156154418211,2.70805020110221,9.2965395387285,0.6931471805599453,0.664038538480607,4.48863636973214,58.43539138629342,6.184148890937483,321.3946526246138,2.8903717578961645,11.28865515417032,3.713572066704308,26.56154153922428,0.00463678516228748,0.021638330757341576,0.0015455950540958269,0.13601236476043277,0.7480680061823802,0.02627511591962906,0.061823802163833076,1232.0,7.117205503164344,-1.2274222366701226,0.6184159658278294,70.61598235385576
Delhi,ALIPUR,28.79903,77.13913,51.54547492,6,15,1,52,320,22,18,434,8.419749759,crime.csv,real,False,1.9459101490553132,0.11640207039147793,2.772588722239781,0.29100517597869485,0.6931471805599453,0.01940034506524632,3.970291913552122,1.0088179433928088,5.771441123130016,6.208110420878823,3.1354942159291497,0.4268075914354191,2.9444389791664403,0.3492062111744338,0.013824884792626729,0.03456221198156682,0.002304147465437788,0.11981566820276497,0.7373271889400922,0.05069124423963134,0.041474654377880185,899.0,6.802394763324311,2.36442357092003,-0.5447033772609782,15.372073574119716
Delhi,MAHENDRA PARK,28.72579,77.16418,2.463668046,0,15,2,37,832,28,4,918,372.6151344,crime.csv,real,False,0.0,0.0,2.772588722239781,6.088482587722778,1.0986122886681098,0.8117976783630371,3.6375861597263857,15.018257049716185,6.725033642166843,337.7078341990234,3.367295829986474,11.365167497082519,1.6094379124341003,1.6235953567260741,0.0,0.016339869281045753,0.002178649237472767,0.04030501089324619,0.906318082788671,0.030501089324618737,0.004357298474945534,1274.0,7.150701457592526,1.2678093437830165,-0.2584937550175607,60.063307174971754
Delhi,VASANT KUNJ SOUTH,28.53492,77.15236,14.1053716,0,1,0,1,65,1,3,71,5.033543391,crime.csv,real,False,0.0,0.0,0.6931471805599453,0.07089497734324135,0.0,0.0,0.6931471805599453,0.07089497734324135,4.189654742026425,4.608173527310688,0.6931471805599453,0.07089497734324135,1.3862943611198906,0.21268493202972405,0.0,0.014084507042253521,0.0,0.014084507042253521,0.9154929577464789,0.014084507042253521,0.04225352112676056,94.0,4.553876891600541,-1.590065554273327,-0.3935435647946565,32.07103811055197
Delhi,BHALSWA DAIRY,28.74286,77.16574,4.49852205,2,13,1,28,338,23,12,417,92.69711149,crime.csv,real,False,1.0986122886681098,0.4445904627721009,2.6390573296152584,2.8898380080186556,0.6931471805599453,0.22229523138605045,3.367295829986474,6.224266478809413,5.82600010738045,75.13578820848505,3.1780538303479458,5.11279032187916,2.5649493574615367,2.6675427766326054,0.004796163069544364,0.03117505995203837,0.002398081534772182,0.0671462829736211,0.8105515587529976,0.05515587529976019,0.02877697841726619,746.0,6.616065185132817,1.5233965209707503,-0.24066992225512693,47.4825870799956
Delhi,BAWANA,28.79654,77.04254,40.32792292,6,20,3,93,383,13,8,526,13.04307194,crime.csv,real,False,1.9459101490553132,0.14878028833526644,3.044522437723423,0.49593429445088816,1.3862943611198906,0.07439014416763322,4.543294782270004,2.30609446919663,5.950642552587727,9.497141738734507,2.6390573296152584,0.3223572913930773,2.1972245773362196,0.19837371778035526,0.011406844106463879,0.03802281368821293,0.005703422053231939,0.17680608365019013,0.7281368821292775,0.024714828897338403,0.015209125475285171,1099.0,7.003065458786462,2.3271410828592822,-1.6482956891364786,16.15916053568808
Delhi,BEGUM PUR,28.72449,77.05179,35.4901909,0,4,0,73,413,5,4,499,14.06022305,crime.csv,real,False,0.0,0.0,1.6094379124341003,0.11270719876572993,0.0,0.0,4.30406509320417,2.0569063774745713,6.025865973825314,11.637018272561615,1.791759469228055,0.14088399845716243,1.6094379124341003,0.11270719876572993,0.0,0.008016032064128256,0.0,0.1462925851703407,0.8276553106212425,0.01002004008016032,0.008016032064128256,778.0,6.658011045870748,1.248344590980194,-1.5426095012822176,27.6336089401495
Delhi,NARAINA,28.63356,77.13777,14.93729349,2,11,0,28,425,18,12,496,33.20547998,crime.csv,real,False,1.0986122886681098,0.13389306445233407,2.4849066497880004,0.7364118544878373,0.0,0.0,3.367295829986474,1.874502902332677,6.054439346269371,28.452276196120987,2.9444389791664403,1.2050375800710065,2.5649493574615367,0.8033583867140044,0.004032258064516129,0.02217741935483871,0.0,0.056451612903225805,0.8568548387096774,0.036290322580645164,0.024193548387096774,783.0,6.664409020350408,-0.1131400031428395,-0.5602421032589183,64.47270829447237
Delhi,NEB SARAI,28.49893,77.21428,8.344724019,3,20,2,35,626,19,13,718,86.04239018,crime.csv,real,False,1.3862943611198906,0.3595085940732536,3.044522437723423,2.3967239604883575,1.0986122886681098,0.23967239604883572,3.58351893845611,4.194266930854625,6.440946540632921,75.01745996328559,2.995732273553991,2.2768877624639394,2.6390573296152584,1.5578705743174321,0.004178272980501393,0.027855153203342618,0.002785515320334262,0.04874651810584958,0.871866295264624,0.026462395543175487,0.018105849582172703,1121.0,7.022868086082641,-2.128939749175839,0.31392548946911186,26.680999254764505
Delhi,RAJINDER NAGAR,28.63505,77.18285,3.013302528,1,21,1,31,474,32,11,571,189.4930876,crime.csv,real,False,0.6931471805599453,0.33186179970576124,3.091042453358316,6.9690977938209855,0.6931471805599453,0.33186179970576124,3.4657359027997265,10.287715790878599,6.163314804034641,157.30249306053082,3.4965075614664802,10.61957759058436,2.4849066497880004,3.6504797967633733,0.0017513134851138354,0.03677758318739054,0.0017513134851138354,0.0542907180385289,0.830122591943958,0.05604203152364273,0.01926444833625219,989.0,6.897704943128636,-0.09083040185345305,-0.045179038559153895,49.49505795756016
Delhi,SHALIMAR BAGH,28.71681,77.15712,1.28161156,8,9,0,45,335,13,23,433,337.855879,crime.csv,real,False,2.1972245773362196,6.242140949477703,2.302585092994046,7.022408568162416,0.0,0.0,3.828641396489095,35.11204284081208,5.817111159963204,261.3896522593788,2.6390573296152584,10.143479042901268,3.1780538303479458,17.946155229748395,0.018475750577367205,0.020785219399538105,0.0,0.10392609699769054,0.7736720554272517,0.03002309468822171,0.053117782909930716,824.0,6.715383386334681,1.1333528205758647,-0.3391580238014602,54.23534009939099
Delhi,KESHAV PURAM,28.68423,77.15977,1.352844685,1,43,0,21,336,47,10,458,338.5458842,crime.csv,real,False,0.6931471805599453,0.7391831531644004,3.784189633918261,31.784875586069216,0.0,0.0,3.091042453358316,15.522846216452407,5.820082930352362,248.36553946323852,3.871201010907891,34.741608198726816,2.3978952727983707,7.391831531644004,0.002183406113537118,0.09388646288209607,0.0,0.04585152838427948,0.7336244541484717,0.10262008733624454,0.021834061135371178,1049.0,6.956545443151569,0.6455361695637949,-0.3088803591730554,49.56743860298698
Delhi,RANI BAGH,28.69784,77.11933,2.974723888,2,25,1,56,496,27,10,617,207.4142083,crime.csv,real,False,1.0986122886681098,0.6723313071401267,3.258096538021482,8.404141339251584,0.6931471805599453,0.33616565357006334,4.04305126783455,18.825276599923548,6.208590026096629,166.73816417075142,3.332204510175204,9.07647264639171,2.3978952727983707,3.3616565357006336,0.0032414910858995136,0.04051863857374392,0.0016207455429497568,0.09076175040518639,0.8038897893030794,0.04376012965964344,0.01620745542949757,1124.0,7.025538314638521,0.8493171585224918,-0.7709289469382223,58.02552816437313
Delhi,BARA HINDU RAO,28.66539,77.20846,1.749323881,6,20,2,35,284,10,10,367,209.7953409,crime.csv,real,False,1.9459101490553132,3.429896581855444,3.044522437723423,11.432988606184814,1.0986122886681098,1.1432988606184815,3.58351893845611,20.007730060823423,5.652489180268651,162.34843820782436,2.3978952727983707,5.716494303092407,2.3978952727983707,5.716494303092407,0.01634877384196185,0.05449591280653951,0.005449591280653951,0.09536784741144415,0.773841961852861,0.027247956403269755,0.027247956403269755,752.0,6.6240652277998935,0.36344698279068294,0.24742888262455365,77.97846660101922
Delhi,CONNAUGHT PLACE,28.63,77.21432,5.266891996,1,11,0,55,800,36,6,909,172.5875527,crime.csv,real,False,0.6931471805599453,0.18986529451514503,2.4849066497880004,2.088518239666595,0.0,0.0,4.02535169073515,10.442591198332975,6.68586094706836,151.89223561211602,3.6109179126442243,6.83515060254522,1.9459101490553132,1.13919176709087,0.0011001100110011,0.0121012101210121,0.0,0.06050605060506051,0.8800880088008801,0.039603960396039604,0.006600660066006601,1322.0,7.187657164114956,-0.16644348004901238,0.3143825108219781,78.11034281019727
Delhi,H. N. DIN,28.59238,77.24417,10.31630404,1,8,1,15,214,14,4,257,24.91202265,crime.csv,real,False,0.6931471805599453,0.09693394030678452,2.1972245773362196,0.7754715224542762,0.6931471805599453,0.09693394030678452,2.772588722239781,1.4540091046017678,5.3706380281276624,20.743863225651886,2.70805020110221,1.3570751642949832,1.6094379124341003,0.3877357612271381,0.0038910505836575876,0.0311284046692607,0.0038910505836575876,0.058365758754863814,0.8326848249027238,0.054474708171206226,0.01556420233463035,443.0,6.095824562432225,-0.7297234803889332,0.6554346954112957,53.995827487701014
Delhi,DARYA GANJ,28.6419,77.24062,5.570696132,4,5,0,19,180,8,6,222,39.85139285,crime.csv,real,False,1.6094379124341003,0.7180431144004822,1.791759469228055,0.8975538930006028,0.0,0.0,2.995732273553991,3.4107047934022905,5.198497031265826,32.3119401480217,2.1972245773362196,1.4360862288009644,1.9459101490553132,1.0770646716007233,0.018018018018018018,0.02252252252252252,0.0,0.08558558558558559,0.8108108108108109,0.036036036036036036,0.02702702702702703,400.0,5.993961427306569,0.011733872530609323,0.614874050342994,78.82943706612993
Delhi,MANGOLPURI,28.69664,77.09163,2.980192322,8,15,1,9,116,27,10,186,62.41207947,crime.csv,real,False,2.1972245773362196,2.684390514311244,2.772588722239781,5.033232214333582,0.6931471805599453,0.3355488142889055,2.302585092994046,3.0199393286001492,4.762173934797756,38.92366245751303,3.332204510175204,9.059817985800448,2.3978952727983707,3.3554881428890546,0.043010752688172046,0.08064516129032258,0.005376344086021506,0.04838709677419355,0.6236559139784946,0.14516129032258066,0.053763440860215055,536.0,6.285998094508865,0.8313496943968054,-1.087416233810207,49.684614038347505
Delhi,VIVEKVIHAR,28.66676,77.30662,4.731868997,0,1,0,6,120,1,3,131,27.68462104,crime.csv,real,False,0.0,0.0,0.6931471805599453,0.2113329850496704,0.0,0.0,1.9459101490553132,1.2679979102980226,4.795790545596741,25.35995820596045,0.6931471805599453,0.2113329850496704,1.3862943611198906,0.6339989551490113,0.0,0.007633587786259542,0.0,0.04580152671755725,0.916030534351145,0.007633587786259542,0.022900763358778626,169.0,5.135798437050262,0.38395983766751673,1.368959282600745,63.547920960814224
Delhi,LAHORI GATE,28.65557,77.21885,2.975208719,9,12,2,10,244,20,5,302,101.5054836,crime.csv,real,False,2.302585092994046,3.0249978573015874,2.5649493574615367,4.033330476402116,1.0986122886681098,0.6722217460670195,2.3978952727983707,3.361108730335097,5.501258210544727,82.01105302017636,3.044522437723423,6.722217460670194,1.791759469228055,1.6805543651675485,0.029801324503311258,0.039735099337748346,0.006622516556291391,0.033112582781456956,0.8079470198675497,0.06622516556291391,0.016556291390728478,608.0,6.411818267709897,0.2164132346956092,0.3661401790360716,91.87326430800681
Delhi,SULTAN PURI,28.70265,77.07856,1.975070373,0,9,0,66,631,16,7,729,369.1007723,crime.csv,real,False,0.0,0.0,2.302585092994046,4.556799657892493,0.0,0.0,4.204692619390966,33.41653082454495,6.448889394146858,319.4822871255737,2.833213344056216,8.100977169586654,2.0794415416798357,3.5441775116941616,0.0,0.012345679012345678,0.0,0.09053497942386832,0.8655692729766804,0.02194787379972565,0.009602194787379973,1075.0,6.98100574072173,0.9213367438928926,-1.2367479608649012,46.83257006488336
Delhi,GEETA COLONY,28.6554,77.27642,1.021961219,3,6,0,9,254,9,11,292,285.7251279,crime.csv,real,False,1.3862943611198906,2.93553213588235,1.9459101490553132,5.8710642717647,0.0,0.0,2.302585092994046,8.80659640764705,5.541263545158426,248.54172083803894,2.302585092994046,8.80659640764705,2.4849066497880004,10.763617831568617,0.010273972602739725,0.02054794520547945,0.0,0.030821917808219176,0.8698630136986302,0.030821917808219176,0.03767123287671233,457.0,6.126869184114185,0.21386784394446187,1.023908161173726,69.59080750129397
Delhi,CIVIL LINES,28.68851,77.2215,4.21554288,3,9,0,63,791,24,17,907,215.1561556,crime.csv,real,False,1.3862943611198906,0.711652113475833,2.302585092994046,2.134956340427499,0.0,0.0,4.1588830833596715,14.944694382992493,6.674561391814426,187.6389405864613,3.2188758248682006,5.693216907806664,2.8903717578961645,4.032695309696387,0.0033076074972436605,0.009922822491730982,0.0,0.06945975744211687,0.8721058434399118,0.026460859977949284,0.018743109151047408,1333.0,7.195937226475569,0.7096201249453903,0.3964178436646388,53.42966737274528
Delhi,ASHOK VIHAR,28.69245,77.17432,3.536288039,5,10,2,52,445,22,7,543,153.5508403,crime.csv,real,False,1.791759469228055,1.4139119734754164,2.3978952727983707,2.827823946950833,1.0986122886681098,0.5655647893901665,3.970291913552122,14.70468452414433,6.100318952020064,125.83816563931205,3.1354942159291497,6.2212126832918315,2.0794415416798357,1.979476762865583,0.009208103130755065,0.01841620626151013,0.003683241252302026,0.09576427255985268,0.8195211786372008,0.040515653775322284,0.01289134438305709,939.0,6.84587987526405,0.768613298824691,-0.1426388420616599,52.9830977665234
Delhi,TILAK NAGAR,28.63896,77.10143,1.622207446,7,29,3,44,466,27,8,584,360.003279,crime.csv,real,False,2.0794415416798357,4.315107797871617,3.4011973816621555,17.876875162610986,1.3862943611198906,1.8493319133735502,3.8066624897703196,27.123534729478735,6.1463292576688975,287.2628905440248,3.332204510175204,16.64398722036195,2.1972245773362196,4.931551768996134,0.011986301369863013,0.04965753424657534,0.005136986301369863,0.07534246575342465,0.797945205479452,0.046232876712328765,0.0136986301369863,1138.0,7.037905963447182,-0.03228641457727719,-0.9754460023537506,46.36339457682109
Delhi,PALAM VILLAGE,28.58809,77.08293,1.326803624,4,9,3,22,192,19,4,253,190.6838324,crime.csv,real,False,1.6094379124341003,3.0147641502070543,2.302585092994046,6.783219337965872,1.3862943611198906,2.2610731126552905,3.1354942159291497,16.5812028261388,5.262690188904886,144.7086792099386,2.995732273553991,14.320129713483507,1.6094379124341003,3.0147641502070543,0.015810276679841896,0.03557312252964427,0.011857707509881422,0.08695652173913043,0.758893280632411,0.07509881422924901,0.015810276679841896,530.0,6.274762021241939,-0.7939571646381838,-1.1868183780622727,48.85163023134247
Delhi,MOTI NAGAR,28.66013,77.14659,3.148605142,2,24,0,44,814,41,24,949,301.4033063,crime.csv,real,False,1.0986122886681098,0.6352019099891313,3.2188758248682006,7.622422919869575,0.0,0.0,3.8066624897703196,13.974442019760888,6.703188113240863,258.52717736557645,3.7376696182833684,13.021639154777192,3.2188758248682006,7.622422919869575,0.002107481559536354,0.02528977871443625,0.0,0.04636459430979979,0.8577449947312961,0.04320337197049526,0.02528977871443625,1503.0,7.315883504509785,0.2846895983731431,-0.4594688949480913,49.39151116866885
Delhi,HARI NAGAR,28.60935,77.09946,2.386161479,5,17,0,11,469,21,5,528,221.2758879,crime.csv,real,False,1.791759469228055,2.095415605357696,2.8903717578961645,7.124413058216166,0.0,0.0,2.4849066497880004,4.609914331786931,6.152732694704104,196.54998378255186,3.091042453358316,8.800745542502323,1.791759469228055,2.095415605357696,0.00946969696969697,0.032196969696969696,0.0,0.020833333333333332,0.8882575757575758,0.03977272727272727,0.00946969696969697,824.0,6.715383386334681,-0.4756335918783356,-0.9979543039832666,43.046393103599996
Delhi,PAHARGANJ,28.64583,77.20931,1.728182346,7,16,0,19,283,29,14,368,212.9404925,crime.csv,real,False,2.0794415416798357,4.050498499884571,2.833213344056216,9.258282285450449,0.0,0.0,2.995732273553991,10.994210213972408,5.648974238161206,163.75586792390482,3.4011973816621555,16.78063664237894,2.70805020110221,8.100996999769142,0.019021739130434784,0.043478260869565216,0.0,0.051630434782608696,0.7690217391304348,0.07880434782608696,0.03804347826086957,758.0,6.63200177739563,0.07057731754220177,0.2571405863733271,87.78651567269995
Delhi,SADAR BAZAR,28.65399,77.21115,2.975208719,4,3,0,13,379,3,4,406,136.4610144,crime.csv,real,False,1.6094379124341003,1.344443492134039,1.3862943611198906,1.008332619100529,0.0,0.0,2.6390573296152584,4.369441349435626,5.940171252720432,127.38602087970018,1.3862943611198906,1.008332619100529,1.6094379124341003,1.344443492134039,0.009852216748768473,0.007389162561576354,0.0,0.03201970443349754,0.9334975369458128,0.007389162561576354,0.009852216748768473,526.0,6.267200548541362,0.19275607359679495,0.2781635686059871,97.78532403488042
Delhi,SAROJINI NAGAR,28.57449,77.19913,1.891342634,1,5,0,25,347,6,0,384,203.0303727,crime.csv,real,False,0.6931471805599453,0.5287249290653911,1.791759469228055,2.643624645326956,0.0,0.0,3.258096538021482,13.218123226634779,5.8522024797744745,183.4675503856907,1.9459101490553132,3.1723495743923467,0.0,0.0,0.0026041666666666665,0.013020833333333334,0.0,0.06510416666666667,0.9036458333333334,0.015625,0.0,527.0,6.269096283706261,-0.9975884247291724,0.14082865206439762,51.56275087359702
Delhi,NAJAFGARH,28.60975,76.98269,8.461597124,2,4,0,54,895,9,9,973,114.9901119,crime.csv,real,False,1.0986122886681098,0.2363619977045837,1.6094379124341003,0.4727239954091674,0.0,0.0,4.007333185232471,6.381773938023759,6.79794041297493,105.7719939728012,2.302585092994046,1.0636289896706266,2.302585092994046,1.0636289896706266,0.0020554984583761563,0.0041109969167523125,0.0,0.05549845837615622,0.9198355601233299,0.009249743062692703,0.009249743062692703,1244.0,7.126890808898808,-0.4696444371697912,-2.332113888388484,23.034922778264317
Delhi,KAPASHERA,28.52958,77.0872,21.50057279,1,12,3,19,143,16,2,196,9.116036206,crime.csv,real,False,0.6931471805599453,0.046510388805320754,2.5649493574615367,0.558124665663849,1.3862943611198906,0.13953116641596225,2.995732273553991,0.8836973873010944,4.969813299576001,6.650985599160868,2.833213344056216,0.7441662208851321,1.0986122886681098,0.09302077761064151,0.00510204081632653,0.061224489795918366,0.015306122448979591,0.09693877551020408,0.7295918367346939,0.08163265306122448,0.01020408163265306,440.0,6.089044875446846,-1.6700207696325864,-1.1380313486420537,17.626881500708553
Delhi,KALYANPURI,28.61363,77.31708,0.878452779,5,8,0,33,245,9,3,303,344.9246303,crime.csv,real,False,1.791759469228055,5.69182558189619,2.1972245773362196,9.106920931033905,0.0,0.0,3.5263605246161616,37.56604884051485,5.5053315359323625,278.89945351291334,2.302585092994046,10.245286047413142,1.3862943611198906,3.415095349137714,0.0165016501650165,0.026402640264026403,0.0,0.10891089108910891,0.8085808580858086,0.0297029702970297,0.009900990099009901,548.0,6.3080984415095305,-0.4115496364967402,1.4884703663799008,63.059616097883385
Delhi,BADAR PUR,28.49385,77.30357,2.116989697,4,11,1,59,318,10,8,411,194.1435995,crime.csv,real,False,1.6094379124341003,1.8894754214762717,2.4849066497880004,5.196057409059748,0.6931471805599453,0.4723688553690679,4.0943445622221,27.869762466775008,5.765191102784844,150.2132960073636,2.3978952727983707,4.723688553690679,2.1972245773362196,3.7789508429525434,0.009732360097323601,0.0267639902676399,0.0024330900243309003,0.1435523114355231,0.7737226277372263,0.024330900243309004,0.019464720194647202,773.0,6.651571873589727,-2.2050020139745765,1.3341114044433529,25.991323015682827
Delhi,SUBHASH PLACE,28.68901,77.14412,0.885072498,10,15,1,54,590,5,26,701,792.0255138,crime.csv,real,False,2.3978952727983707,11.298509469672846,2.772588722239781,16.947764204509266,0.6931471805599453,1.1298509469672846,4.007333185232471,61.011951136233364,6.3818160174060985,666.6120587106979,1.791759469228055,5.649254734836423,3.295836866004329,29.376124621149398,0.014265335235378032,0.021398002853067047,0.0014265335235378032,0.07703281027104136,0.8416547788873039,0.007132667617689016,0.037089871611982884,1164.0,7.060476365999801,0.7171065683310708,-0.4876899634886791,49.132637708726755
Delhi,SUBZIMANDI,28.66917,77.20774,2.975208719,7,14,2,61,644,9,17,754,253.4275982,crime.csv,real,False,2.0794415416798357,2.3527761112345678,2.70805020110221,4.7055522224691355,1.0986122886681098,0.6722217460670195,4.127134385045092,20.50276325504409,6.4692503167957724,216.45540223358026,2.302585092994046,3.0249978573015874,2.8903717578961645,5.713884841569665,0.009283819628647215,0.01856763925729443,0.002652519893899204,0.08090185676392574,0.8541114058355438,0.011936339522546418,0.022546419098143235,1201.0,7.091742115095153,0.42004449478659783,0.23920249827263615,72.7467250642452
Delhi,MAURICE NAGAR,28.69251,77.20652,6.149745104,2,31,0,31,469,38,10,581,94.47546039,crime.csv,real,False,1.0986122886681098,0.3252167311290891,3.4657359027997265,5.040859332500881,0.0,0.0,3.4657359027997265,5.040859332500881,6.152732694704104,76.26332344977139,3.6635616461296463,6.179117891452693,2.3978952727983707,1.6260836556454454,0.0034423407917383822,0.05335628227194492,0.0,0.05335628227194492,0.8072289156626506,0.06540447504302926,0.01721170395869191,1091.0,6.9957661563048505,0.7695116720309407,0.22526334700964679,70.17826630804527
Delhi,MANDIR MARG,28.63857,77.20325,9.889059631,5,24,4,50,817,68,15,983,99.40277809,crime.csv,real,False,1.791759469228055,0.5056092476504149,3.2188758248682006,2.4269243887219916,1.6094379124341003,0.40448739812033196,3.9318256327243257,5.0560924765041495,6.706862336602747,82.6165510660778,4.23410650459726,6.876285768045643,2.772588722239781,1.5168277429512447,0.00508646998982706,0.024415055951169887,0.004069175991861648,0.0508646998982706,0.8311291963377416,0.06917599186164802,0.015259409969481181,1695.0,7.4360278163518485,-0.03812584041811331,0.18790185141140894,66.48310378339805
Delhi,TUGLAK ROAD,28.59827,77.21117,6.857849293,3,15,0,67,595,17,8,705,102.8019091,crime.csv,real,False,1.3862943611198906,0.43745493256350565,2.772588722239781,2.1872746628175284,0.0,0.0,4.219507705176107,9.769826827251626,6.39024066706535,86.76189495842863,2.8903717578961645,2.478911284526532,2.1972245773362196,1.1665464868360151,0.00425531914893617,0.02127659574468085,0.0,0.0950354609929078,0.8439716312056738,0.024113475177304965,0.011347517730496455,1130.0,7.030857476116121,-0.6415331773053987,0.27839207928233906,42.06754641843142
Delhi,LAJPAT NAGAR,28.56843,77.24052,1.505936692,1,7,0,15,160,8,8,199,132.1436692,crime.csv,real,False,0.6931471805599453,0.664038538480607,2.0794415416798357,4.64826976936425,0.0,0.0,2.772588722239781,9.960578077209105,5.081404364984463,106.24616615689712,2.1972245773362196,5.312308307844856,2.1972245773362196,5.312308307844856,0.005025125628140704,0.035175879396984924,0.0,0.07537688442211055,0.8040201005025126,0.04020100502512563,0.04020100502512563,358.0,5.883322388488279,-1.0883241185638541,0.6137314969607472,71.66646659208253
Delhi,KRISHNA NAGAR,28.66699,77.28072,1.904048824,7,13,2,14,133,25,4,198,103.9889301,crime.csv,real,False,2.0794415416798357,3.676376315442634,2.6390573296152584,6.827556014393463,1.0986122886681098,1.0503932329836096,2.70805020110221,7.352752630885268,4.897839799950911,69.85114999341005,3.258096538021482,13.129915412295121,1.6094379124341003,2.1007864659672193,0.03535353535353535,0.06565656565656566,0.010101010101010102,0.0707070707070707,0.6717171717171717,0.12626262626262627,0.020202020202020204,522.0,6.259581464064923,0.3874036016249138,1.0730379566087165,90.19411932030258
Delhi,PRASHANT VIHAR,28.60415,77.23372,6.857849293,7,8,0,41,457,39,14,566,82.53316394,crime.csv,real,False,2.0794415416798357,1.0207281759815132,2.1972245773362196,1.1665464868360151,0.0,0.0,3.7376696182833684,5.978550745034577,6.126869184114185,66.63896806050737,3.6888794541139363,5.6869141233255736,2.70805020110221,2.0414563519630264,0.012367491166077738,0.014134275618374558,0.0,0.07243816254416961,0.8074204946996466,0.06890459363957598,0.024734982332155476,1006.0,6.914730892718563,-0.5534926030895725,0.5360378669705596,50.96470154688913
Delhi,ANANDVIHAR,28.65597,77.31306,4.558969692,10,14,0,99,457,24,15,619,135.776292,crime.csv,real,False,2.3978952727983707,2.193478060963604,2.70805020110221,3.0708692853490462,0.0,0.0,4.605170185988092,21.715432803539684,6.126869184114185,100.24194738603671,3.2188758248682006,5.2643473463126504,2.772588722239781,3.2902170914454065,0.01615508885298869,0.022617124394184167,0.0,0.15993537964458804,0.7382875605815832,0.03877221324717286,0.024232633279483037,1245.0,7.1276936993473985,0.2224023894041536,1.442539720414974,48.14174750198373
Delhi,SWARUP NAGAR,28.75841,77.1562,12.08811457,4,23,1,52,443,31,6,560,46.32649671,crime.csv,real,False,1.6094379124341003,0.3309035480129471,3.1780538303479458,1.9026954010744457,0.6931471805599453,0.08272588700323677,3.970291913552122,4.301746124168312,6.095824562432225,36.64756794243389,3.4657359027997265,2.5645024971003396,1.9459101490553132,0.4963553220194206,0.007142857142857143,0.04107142857142857,0.0017857142857142857,0.09285714285714286,0.7910714285714285,0.055357142857142855,0.010714285714285714,1063.0,6.96979066990159,1.7562249102659726,-0.3496695149178714,31.136671061534482
Delhi,GREATER KAILASH,28.5541,77.23278,3.793564843,0,2,0,12,164,6,4,188,49.55760816,crime.csv,real,False,0.0,0.0,1.0986122886681098,0.5272085973936784,0.0,0.0,2.5649493574615367,3.1632515843620705,5.10594547390058,43.231104986281636,1.9459101490553132,1.5816257921810353,1.6094379124341003,1.0544171947873568,0.0,0.010638297872340425,0.0,0.06382978723404255,0.8723404255319149,0.031914893617021274,0.02127659574468085,274.0,5.616771097666572,-1.3028855859979738,0.5252978651777964,59.68882006354112
Delhi,VIKAS PURI,28.62997,77.06834,1.247661874,2,3,1,14,204,7,1,232,185.9478156,crime.csv,real,False,1.0986122886681098,1.6029984098079444,1.3862943611198906,2.4044976147119166,0.6931471805599453,0.8014992049039722,2.70805020110221,11.220988868655612,5.3230099791384085,163.50583780041032,2.0794415416798357,5.610494434327806,0.6931471805599453,0.8014992049039722,0.008620689655172414,0.01293103448275862,0.004310344827586207,0.0603448275862069,0.8793103448275862,0.03017241379310345,0.004310344827586207,352.0,5.8664680569332965,-0.16689266665213726,-1.3535169165265346,66.73885466356015
Delhi,UTTAM NAGAR,28.62499,77.06488,2.747375479,2,10,1,81,1042,23,21,1180,429.5008123,crime.csv,real,False,1.0986122886681098,0.7279674785217081,2.3978952727983707,3.6398373926085403,0.6931471805599453,0.36398373926085403,4.406719247264253,29.48268288012918,6.949856455000773,379.2710563098099,3.1780538303479458,8.371626002999642,3.091042453358316,7.643658524477935,0.001694915254237288,0.00847457627118644,0.000847457627118644,0.06864406779661017,0.8830508474576271,0.019491525423728815,0.017796610169491526,1674.0,7.423568444259167,-0.24145764277368537,-1.393049263551009,72.4203273276391
Delhi,DEFENCE COLONY,28.56468,77.23337,2.480276534,3,14,1,25,158,16,10,227,91.52205283,crime.csv,real,False,1.3862943611198906,1.2095425485326146,2.70805020110221,5.644531893152201,0.6931471805599453,0.4031808495108715,3.258096538021482,10.079521237771788,5.0689042022202315,63.70257422271769,2.833213344056216,6.450893592173944,2.3978952727983707,4.031808495108715,0.013215859030837005,0.06167400881057269,0.004405286343612335,0.11013215859030837,0.6960352422907489,0.07048458149779736,0.04405286343612335,529.0,6.272877006546167,-1.144472443956591,0.5320389301326957,75.98871414617541
Delhi,JAMIA NAGAR,28.56207,77.29235,7.880690981,9,23,4,20,261,23,5,345,43.7778871,crime.csv,real,False,2.302585092994046,1.142031837271453,3.1780538303479458,2.91852580636038,1.6094379124341003,0.5075697054539792,3.044522437723423,2.5378485272698956,5.568344503761097,33.11892328087214,3.1780538303479458,2.91852580636038,1.791759469228055,0.6344621318174739,0.02608695652173913,0.06666666666666667,0.011594202898550725,0.057971014492753624,0.7565217391304347,0.06666666666666667,0.014492753623188406,786.0,6.668228248417403,-1.1835516784299445,1.2059169149595759,30.653363928508224
Delhi,KASHMERE GATE,28.66254,77.2315,1.627909974,0,9,3,17,340,17,12,398,244.4852641,crime.csv,real,False,0.0,0.0,2.302585092994046,5.528561249542415,1.3862943611198906,1.8428537498474715,2.8903717578961645,10.44283791580234,5.831882477283517,208.85675831604678,2.8903717578961645,10.44283791580234,2.5649493574615367,7.371414999389886,0.0,0.022613065326633167,0.007537688442211055,0.04271356783919598,0.8542713567839196,0.04271356783919598,0.03015075376884422,640.0,6.46302945692067,0.32077425549222427,0.5106731818854265,72.10505085673016
Delhi,PULPRAHLAD PUR,28.50165,77.29099,3.852127696,2,15,1,41,389,24,9,481,124.8660579,crime.csv,real,False,1.0986122886681098,0.5191935880206604,2.772588722239781,3.893951910154953,0.6931471805599453,0.2595967940103302,3.7376696182833684,10.643468554423539,5.966146739123692,100.98315287001846,3.2188758248682006,6.230323056247926,2.302585092994046,2.336371146092972,0.004158004158004158,0.031185031185031187,0.002079002079002079,0.08523908523908524,0.8087318087318087,0.0498960498960499,0.018711018711018712,858.0,6.755768921984255,-2.0882134971576414,1.1903781889614733,33.42858119559583
Delhi,SARITA VIHAR,28.54046,77.28196,6.171102991,1,12,0,12,211,8,1,245,39.70116855,crime.csv,real,False,0.6931471805599453,0.1620455859282223,2.5649493574615367,1.9445470311386674,0.0,0.0,2.5649493574615367,1.9445470311386674,5.356586274672012,34.191618630854904,2.1972245773362196,1.2963646874257784,0.6931471805599453,0.1620455859282223,0.004081632653061225,0.04897959183673469,0.0,0.04897959183673469,0.8612244897959184,0.0326530612244898,0.004081632653061225,409.0,6.016157159698354,-1.5071157615597954,1.0872056185480579,45.22453357273287
Delhi,NANGLOI,28.68199,77.06698,2.253261514,3,13,5,58,838,23,15,955,423.8300765,crime.csv,real,False,1.3862943611198906,1.3314033818801558,2.6390573296152584,5.769414654814009,1.791759469228055,2.2190056364669264,4.07753744390572,25.740465383016346,6.732210706467206,371.9053446718568,3.1780538303479458,10.207425927747861,2.772588722239781,6.657016909400778,0.0031413612565445027,0.013612565445026177,0.005235602094240838,0.060732984293193716,0.8774869109947644,0.024083769633507852,0.015706806282722512,1424.0,7.261927092702751,0.6119969031958611,-1.3690556425246372,41.57408096126873
Delhi,SAFDARJUNG ENCLAVE,28.55848,77.19855,3.486811523,2,7,0,1,83,3,10,106,30.40026664,crime.csv,real,False,1.0986122886681098,0.5735899364813474,2.0794415416798357,2.0075647776847156,0.0,0.0,0.6931471805599453,0.2867949682406737,4.430816798843313,23.803982363975916,1.3862943611198906,0.860384904722021,2.3978952727983707,2.8679496824067368,0.018867924528301886,0.0660377358490566,0.0,0.009433962264150943,0.7830188679245284,0.02830188679245283,0.09433962264150944,218.0,5.389071729816501,-1.2373043419392422,0.13420184244759326,53.10986637612652
Delhi,HAUZQAZI,28.64335,77.22548,3.095888323,1,6,0,12,431,37,4,491,158.5974521,crime.csv,real,False,0.6931471805599453,0.3230090674042702,1.9459101490553132,1.9380544044256212,0.0,0.0,2.5649493574615367,3.8761088088512423,6.068425588244111,139.21690805124044,3.6375861597263857,11.951335493957997,1.6094379124341003,1.2920362696170808,0.002036659877800407,0.012219959266802444,0.0,0.024439918533604887,0.8778004073319755,0.07535641547861507,0.008146639511201629,738.0,6.6052979209482015,0.033444558349162594,0.44189146827653697,107.19403644810843
Delhi,DWARKA SOUTH,28.57837,77.06666,30.06854798,4,8,2,28,299,17,4,362,12.039158,crime.csv,real,False,1.6094379124341003,0.13302937017978345,2.1972245773362196,0.2660587403595669,1.0986122886681098,0.06651468508989172,3.367295829986474,0.9312055912584841,5.703782474656201,9.943945420938812,2.8903717578961645,0.5653748232640796,1.6094379124341003,0.13302937017978345,0.011049723756906077,0.022099447513812154,0.0055248618784530384,0.07734806629834254,0.8259668508287292,0.04696132596685083,0.011049723756906077,634.0,6.453624998892692,-0.9394936240561746,-1.3727118133477296,38.703678596830066
Delhi,PASCHIM VIHAR,28.67112,77.10115,3.794663797,2,13,0,48,526,13,30,632,166.5496692,crime.csv,real,False,1.0986122886681098,0.5270559150934973,2.6390573296152584,3.4258634481077324,0.0,0.0,3.8918202981106265,12.649341962243934,6.267200548541362,138.61570566958977,2.6390573296152584,3.4258634481077324,3.4339872044851463,7.905838726402459,0.0031645569620253164,0.020569620253164556,0.0,0.0759493670886076,0.8322784810126582,0.020569620253164556,0.04746835443037975,1027.0,6.93537044601511,0.44924162399077844,-0.9786451518238144,42.57388289708133
Delhi,BINDAPUR,28.62046,77.06744,2.747375479,4,4,1,64,417,11,8,509,185.2677233,crime.csv,real,False,1.6094379124341003,1.4559349570434161,1.6094379124341003,1.4559349570434161,0.6931471805599453,0.36398373926085403,4.174387269895637,23.294959312694658,6.035481432524756,151.78121927177614,2.4849066497880004,4.003821131869395,2.1972245773362196,2.9118699140868323,0.007858546168958742,0.007858546168958742,0.0019646365422396855,0.12573673870333987,0.8192534381139489,0.021611001964636542,0.015717092337917484,841.0,6.7357800142423265,-0.3092848198480944,-1.3637998969664316,79.48977806052105
Delhi,TILAK MARG,28.61821,77.23537,3.748441999,8,19,1,36,294,16,7,381,101.642229,crime.csv,real,False,2.1972245773362196,2.134220031184748,2.995732273553991,5.068772574063777,0.6931471805599453,0.2667775038980935,3.6109179126442243,9.603990140331366,5.68697535633982,78.4325861460395,2.833213344056216,4.268440062369496,2.0794415416798357,1.8674425272866546,0.02099737532808399,0.049868766404199474,0.0026246719160104987,0.09448818897637795,0.7716535433070866,0.04199475065616798,0.01837270341207349,787.0,6.669498089857879,-0.34297381508373653,0.5548899977769831,54.147500482858334
Delhi,RAJOURI GARDEN,28.65151,77.1196,1.798942912,1,7,0,37,567,20,4,636,353.5409577,crime.csv,real,False,0.6931471805599453,0.555882009000628,2.0794415416798357,3.8911740630043963,0.0,0.0,3.6375861597263857,20.567634333023236,6.342121418721152,315.1850991033561,3.044522437723423,11.117640180012561,1.6094379124341003,2.223528036002512,0.0015723270440251573,0.0110062893081761,0.0,0.05817610062893082,0.8915094339622641,0.031446540880503145,0.006289308176100629,897.0,6.8001700683022,0.15562331440370258,-0.7678440528062532,57.72357201362902
Delhi,SANGAM VIHAR,28.50957,77.24299,3.10572333,3,6,0,17,179,8,2,215,69.22702931,crime.csv,real,False,1.3862943611198906,0.965958548535616,1.9459101490553132,1.931917097071232,0.0,0.0,2.8903717578961645,5.47376510836849,5.19295685089021,57.635526729291755,2.1972245773362196,2.575889462761643,1.0986122886681098,0.6439723656904107,0.013953488372093023,0.027906976744186046,0.0,0.07906976744186046,0.8325581395348837,0.037209302325581395,0.009302325581395349,373.0,5.924255797414532,-1.9696282339282067,0.6419525655013351,35.35265275168124
Delhi,MAYURVIHAR,28.60733,77.30367,2.111658828,0,7,0,13,201,10,14,245,116.0225301,crime.csv,real,False,0.0,0.0,2.0794415416798357,3.3149294323410468,0.0,0.0,2.6390573296152584,6.156297517204801,5.308267697401205,95.18583084293577,2.3978952727983707,4.735613474772924,2.70805020110221,6.6298588646820935,0.0,0.02857142857142857,0.0,0.053061224489795916,0.8204081632653061,0.04081632653061224,0.05714285714285714,415.0,6.030685260261263,-0.5058788231565274,1.3352539578255997,65.22062319525591
Delhi,SHAHBAD DAIRY,28.74766,77.07894,49.82264953,0,8,0,18,315,5,6,352,7.065059834,crime.csv,real,False,0.0,0.0,2.1972245773362196,0.1605695416736702,0.0,0.0,2.9444389791664403,0.36128146876575795,5.755742213586912,6.322425703400764,1.791759469228055,0.10035596354604387,1.9459101490553132,0.12042715625525265,0.0,0.022727272727272728,0.0,0.05113636363636364,0.8948863636363636,0.014204545454545454,0.017045454545454544,500.0,6.2166061010848646,1.5952663774734426,-1.2324062580124282,23.548272045304824
Delhi,GANDHI NAGAR,28.65955,77.26733,1.205110776,1,2,0,32,313,5,1,354,293.7489292,crime.csv,real,False,0.6931471805599453,0.8297992349875063,1.0986122886681098,1.6595984699750126,0.0,0.0,3.4965075614664802,26.5535755196002,5.749392985908253,259.72716055108947,1.791759469228055,4.1489961749375315,0.6931471805599453,0.8297992349875063,0.002824858757062147,0.005649717514124294,0.0,0.0903954802259887,0.884180790960452,0.014124293785310734,0.002824858757062147,496.0,6.208590026096629,0.2760053240457431,0.9200500587309298,72.06154466184122
Delhi,DWARKA SEC-23,28.56411,77.05849,30.06854798,4,1,0,28,437,4,1,475,15.79723771,crime.csv,real,False,1.6094379124341003,0.13302937017978345,0.6931471805599453,0.03325734254494586,0.0,0.0,3.367295829986474,0.9312055912584841,6.082218910376446,14.533458692141341,1.6094379124341003,0.13302937017978345,0.6931471805599453,0.03325734254494586,0.008421052631578947,0.002105263157894737,0.0,0.05894736842105263,0.92,0.008421052631578947,0.002105263157894737,621.0,6.432940092739179,-1.1530069894162829,-1.4660584246741144,27.734706650038394
Delhi,RANJIT NAGAR,28.64751,77.15868,2.003783762,3,9,0,38,324,16,13,403,201.1195058,crime.csv,real,False,1.3862943611198906,1.4971675371825877,2.302585092994046,4.491502611547762,0.0,0.0,3.6635616461296463,18.964122137646108,5.783825182329737,161.69409401571946,2.833213344056216,7.984893531640467,2.6390573296152584,6.48772599445788,0.007444168734491315,0.022332506203473945,0.0,0.09429280397022333,0.8039702233250621,0.03970223325062035,0.03225806451612903,710.0,6.566672429803241,0.09573176731815211,-0.32133419103902644,58.52774863900426
Delhi,RANHOLA,28.65375,77.03599,11.28382351,3,15,2,45,319,47,33,464,41.1208133,crime.csv,real,False,1.3862943611198906,0.26586732744812314,2.772588722239781,1.3293366372406157,1.0986122886681098,0.17724488496541543,3.828641396489095,3.988009911721847,5.768320995793772,28.27055915198376,3.871201010907891,4.165254796687263,3.5263605246161616,2.9245406019293543,0.00646551724137931,0.032327586206896554,0.004310344827586207,0.09698275862068965,0.6875,0.10129310344827586,0.07112068965517242,1034.0,6.942156705699469,0.1891625807716364,-1.7231329356712115,24.262602571748875
Delhi,SAKET,28.52882,77.22715,2.732945718,2,0,0,2,126,4,0,134,49.0313434,crime.csv,real,False,1.0986122886681098,0.7318110955616134,0.0,0.0,0.0,0.0,1.0986122886681098,0.7318110955616134,4.844187086458591,46.104099020381646,1.6094379124341003,1.4636221911232268,0.0,0.0,0.014925373134328358,0.0,0.0,0.014925373134328358,0.9402985074626866,0.029850746268656716,0.0,174.0,5.1647859739235145,-1.681400163578842,0.4609721097593124,40.031958665541154
Delhi,SHAKARPUR,28.63775,77.2703,3.019451766,4,2,0,38,266,13,4,327,108.2978055,crime.csv,real,False,1.6094379124341003,1.3247437978779093,1.0986122886681098,0.6623718989389547,0.0,0.0,3.6635616461296463,12.585066079840137,5.58724865840025,88.09546255888097,2.6390573296152584,4.305417343103205,1.6094379124341003,1.3247437978779093,0.012232415902140673,0.0061162079510703364,0.0,0.1162079510703364,0.8134556574923547,0.039755351681957186,0.012232415902140673,555.0,6.320768294250582,-0.0504036075706719,0.9539838941825894,47.2815516581584
Delhi,PREETVIHAR,28.63852,77.29526,2.272578698,4,5,1,42,509,3,4,568,249.9363391,crime.csv,real,False,1.6094379124341003,1.7601150637908516,1.791759469228055,2.2001438297385643,0.6931471805599453,0.4400287659477129,3.7612001156935624,18.481208169803942,6.234410725718371,223.97464186738586,1.3862943611198906,1.3200862978431387,1.6094379124341003,1.7601150637908516,0.007042253521126761,0.008802816901408451,0.0017605633802816902,0.07394366197183098,0.8961267605633803,0.00528169014084507,0.007042253521126761,797.0,6.682108597449809,-0.03887448475670796,1.239165218381855,61.76407298585591
Delhi,KIRTI NAGAR,28.64053,77.13509,1.511976155,6,16,2,16,203,23,8,274,181.2197891,crime.csv,real,False,1.9459101490553132,3.968316550600628,2.833213344056216,10.582177468268341,1.0986122886681098,1.3227721835335426,2.833213344056216,10.582177468268341,5.318119993844216,134.26137662865457,3.1780538303479458,15.21188011063574,2.1972245773362196,5.291088734134171,0.021897810218978103,0.058394160583941604,0.0072992700729927005,0.058394160583941604,0.7408759124087592,0.08394160583941605,0.029197080291970802,620.0,6.431331081933479,-0.00877898234622443,-0.5908625339020946,66.21426448203914
Delhi,HAUZ KHAS,28.54939,77.20847,2.436526458,4,10,1,17,367,15,3,417,171.1452788,crime.csv,real,False,1.6094379124341003,1.6416813315802705,2.3978952727983707,4.1042033289506765,0.6931471805599453,0.41042033289506763,2.8903717578961645,6.97714565921615,5.908082938168931,150.62426217248984,2.772588722239781,6.156304993426015,1.3862943611198906,1.231260998685203,0.009592326139088728,0.023980815347721823,0.002398081534772182,0.0407673860911271,0.8800959232613909,0.03597122302158273,0.007194244604316547,651.0,6.480044561926653,-1.3734078826912384,0.2475431379628108,47.513426902730764
Delhi,BAWANA,28.80659,77.0228,40.32792292,6,20,3,93,383,13,8,526,13.04307194,crime.csv,real,False,1.9459101490553132,0.14878028833526644,3.044522437723423,0.49593429445088816,1.3862943611198906,0.07439014416763322,4.543294782270004,2.30609446919663,5.950642552587727,9.497141738734507,2.6390573296152584,0.3223572913930773,2.1972245773362196,0.19837371778035526,0.011406844106463879,0.03802281368821293,0.005703422053231939,0.17680608365019013,0.7281368821292775,0.024714828897338403,0.015209125475285171,1099.0,7.003065458786462,2.477618594911806,-1.8738357267845045,14.117117874833575
Delhi,KN KATJU MARG,28.73043,77.121,8.251478933,1,3,0,14,273,8,4,303,36.72069001,crime.csv,real,False,0.6931471805599453,0.12119039606351256,1.3862943611198906,0.3635711881905377,0.0,0.0,2.70805020110221,1.6966655448891759,5.6131281063880705,33.08497812533893,2.1972245773362196,0.9695231685081005,1.6094379124341003,0.48476158425405025,0.0033003300330033004,0.009900990099009901,0.0,0.0462046204620462,0.900990099009901,0.026402640264026403,0.013201320132013201,419.0,6.040254711277414,1.3372835384022699,-0.7518483054554469,43.80668497817509
Delhi,I.P. ESTATE,28.6274,77.24722,9.253420865,5,22,2,18,576,27,4,654,70.67656487,crime.csv,real,False,1.791759469228055,0.5403407099867169,3.1354942159291497,2.377499123941554,1.0986122886681098,0.21613628399468673,2.9444389791664403,1.9452265559521806,6.3578422665081,62.24724979046978,3.332204510175204,2.917839833928271,1.6094379124341003,0.43227256798937347,0.00764525993883792,0.03363914373088685,0.0030581039755351682,0.027522935779816515,0.8807339449541285,0.04128440366972477,0.0061162079510703364,1043.0,6.950814768442584,-0.20537298565460424,0.6902825735686879,50.81154617441513
Delhi,KOTALA MUBARAK PUR,28.5759,77.22514,1.628367164,7,2,5,28,467,48,14,571,350.6580165,crime.csv,real,False,2.0794415416798357,4.298784791757199,1.0986122886681098,1.2282242262163425,1.791759469228055,3.0705605655408563,3.367295829986474,17.195139167028795,6.148468295917647,286.79035682151596,3.8918202981106265,29.47738142919222,2.70805020110221,8.597569583514398,0.012259194395796848,0.0035026269702276708,0.008756567425569177,0.04903677758318739,0.8178633975481612,0.0840630472854641,0.024518388791593695,1006.0,6.914730892718563,-0.9764766543815054,0.43800678677693017,52.90248264684679
Delhi,DELHI CANTT,28.59872,77.12437,42.83635341,1,7,0,27,246,9,3,293,6.839984655,crime.csv,real,False,0.6931471805599453,0.023344657525552898,2.0794415416798357,0.16341260267887028,0.0,0.0,3.332204510175204,0.6303057531899282,5.5093883366279774,5.7427857512860125,2.302585092994046,0.21010191772997608,1.3862943611198906,0.07003397257665869,0.0034129692832764505,0.023890784982935155,0.0,0.09215017064846416,0.8395904436860068,0.030716723549488054,0.010238907849829351,477.0,6.169610732491456,-0.6347953782582597,-0.7133442564749621,29.544368135455088
Delhi,D.B.G ROAD,28.65258,77.19326,1.643641889,4,11,1,57,397,18,12,500,304.2025173,crime.csv,real,False,1.6094379124341003,2.4336201375554016,2.4849066497880004,6.692455378277354,0.6931471805599453,0.6084050343888504,4.060443010546419,34.679086960164476,5.986452005284438,241.53679865237362,2.9444389791664403,10.951290618999307,2.5649493574615367,7.3008604126662044,0.008,0.022,0.002,0.114,0.794,0.036,0.024,900.0,6.803505257608338,0.17164430324912802,0.073760768528716,76.04862067220787
Delhi,KHYALA,28.65761,77.11332,2.093069914,5,18,6,30,663,60,11,793,378.869332,crime.csv,real,False,1.791759469228055,2.388835636380945,2.9444389791664403,8.599808290971403,1.9459101490553132,2.8666027636571343,3.4339872044851463,14.333013818285671,6.498282149476434,316.75960538411334,4.110873864173311,28.666027636571343,2.4849066497880004,5.255438400038079,0.006305170239596469,0.02269861286254729,0.007566204287515763,0.03783102143757881,0.8360655737704918,0.07566204287515763,0.013871374527112233,1375.0,7.226936018493289,0.2469579237092176,-0.839596405209017,53.27873255828239
Delhi,JAGATPURI,28.64359,77.2839,1.021961219,9,30,0,23,645,27,6,740,724.0979268,crime.csv,real,False,2.302585092994046,8.80659640764705,3.4339872044851463,29.3553213588235,0.0,0.0,3.1780538303479458,22.505746375098017,6.470799503782602,631.1394092147052,3.332204510175204,26.419789222941148,1.9459101490553132,5.8710642717647,0.012162162162162163,0.04054054054054054,0.0,0.031081081081081083,0.8716216216216216,0.03648648648648649,0.008108108108108109,1226.0,7.112327444710911,0.037038051174267964,1.1093711541629647,64.03775333145208
Delhi,PATEL NAGAR,28.65237,77.15822,4.104570166,2,6,2,47,437,10,13,517,125.9571597,crime.csv,real,False,1.0986122886681098,0.48726173974729414,1.9459101490553132,1.4617852192418823,1.0986122886681098,0.48726173974729414,3.871201010907891,11.450650884061412,6.082218910376446,106.46669013478378,2.3978952727983707,2.436308698736471,2.6390573296152584,3.167201308357412,0.0038684719535783366,0.01160541586073501,0.0038684719535783366,0.09090909090909091,0.8452611218568665,0.019342359767891684,0.025145067698259187,813.0,6.70196036600254,0.16849999702714755,-0.326589936597232,59.328026691723096
Delhi,VASANT VIHAR,28.55797,77.16933,14.1053716,2,5,1,5,41,5,3,62,4.395488595,crime.csv,real,False,1.0986122886681098,0.1417899546864827,1.791759469228055,0.35447488671620675,0.6931471805599453,0.07089497734324135,1.791759469228055,0.35447488671620675,3.7376696182833684,2.9066940710728955,1.791759469228055,0.35447488671620675,1.3862943611198906,0.21268493202972405,0.03225806451612903,0.08064516129032258,0.016129032258064516,0.08064516129032258,0.6612903225806451,0.08064516129032258,0.04838709677419355,167.0,5.123963979403259,-1.244940514192631,-0.1996522558337966,36.64322318333263
Delhi,KAROL BAGH,28.65256,77.1932,1.643641889,4,24,0,36,129,9,8,210,127.7650573,crime.csv,real,False,1.6094379124341003,2.4336201375554016,3.2188758248682006,14.601720825332409,0.0,0.0,3.6109179126442243,21.902581237998614,4.867534450455582,78.4842494361617,2.302585092994046,5.475645309499654,2.1972245773362196,4.867240275110803,0.01904761904761905,0.11428571428571428,0.0,0.17142857142857143,0.6142857142857143,0.04285714285714286,0.0380952380952381,582.0,6.368187186350492,0.17134484551371146,0.07307523649949779,76.02439728119262
Delhi,SUNLIGHT COLONY,28.57835,77.26018,2.112193774,6,27,0,82,1273,40,5,1433,678.4415415,crime.csv,real,False,1.9459101490553132,2.8406484641025176,3.332204510175204,12.782918088461328,0.0,0.0,4.418840607796598,38.822195676067736,7.149916836132109,602.6909158004174,3.713572066704308,18.937656427350117,1.791759469228055,2.3672070534187646,0.00418702023726448,0.01884159106769016,0.0,0.05722260990928123,0.8883461270062806,0.027913468248429867,0.0034891835310537334,2097.0,7.6487397889562425,-0.9397930817915912,0.8383574919030405,45.51460513062023
Delhi,NARELA,28.85321,77.08849,20.33327697,6,17,0,17,316,38,6,400,19.67218568,crime.csv,real,False,1.9459101490553132,0.2950827851729204,2.8903717578961645,0.8360678913232745,0.0,0.0,2.8903717578961645,0.8360678913232745,5.75890177387728,15.541026685773808,3.6635616461296463,1.868857639428496,1.9459101490553132,0.2950827851729204,0.015,0.0425,0.0,0.0425,0.79,0.095,0.015,794.0,6.678342114654332,3.1756545761942956,-1.1232924100115889,11.107410799294946
Delhi,NEW ASHOK NAGAR,28.59818,77.31178,3.300804937,2,18,2,126,945,52,34,1179,357.1856024,crime.csv,real,False,1.0986122886681098,0.6059128116239848,2.9444389791664403,5.453215304615863,1.0986122886681098,0.6059128116239848,4.844187086458591,38.17250713231104,6.852242569051878,286.2938034923328,3.970291913552122,15.753733102223604,3.5553480614894135,10.300517797607741,0.0016963528413910093,0.015267175572519083,0.0016963528413910093,0.10687022900763359,0.8015267175572519,0.04410517387616624,0.02883799830364716,2027.0,7.614805364711073,-0.6428807371148265,1.4279150371227665,46.19881284074946
Delhi,PARLIAMENT STREET,28.62473,77.21366,5.266891996,7,5,0,29,368,18,12,439,83.35086429,crime.csv,real,False,2.0794415416798357,1.329057061606015,1.791759469228055,0.9493264725757251,0.0,0.0,3.4011973816621555,5.506093540939205,5.910796644040527,69.87042838157336,2.9444389791664403,3.41757530127261,2.5649493574615367,2.27838353418174,0.015945330296127564,0.011389521640091117,0.0,0.06605922551252848,0.8382687927107062,0.04100227790432802,0.02733485193621868,732.0,6.597145701886651,-0.2453505933342605,0.3068416584994412,63.198908106212436
Delhi,NIHAL VIHAR,28.665,77.0717,3.660010619,1,6,3,39,437,14,9,509,139.0706348,crime.csv,real,False,0.6931471805599453,0.2732232509951633,1.9459101490553132,1.6393395059709799,1.3862943611198906,0.8196697529854899,3.6888794541139363,10.655706788811369,6.082218910376446,119.39856068488636,2.70805020110221,3.8251255139322864,2.302585092994046,2.4590092589564696,0.0019646365422396855,0.011787819253438114,0.005893909626719057,0.07662082514734773,0.8585461689587426,0.0275049115913556,0.01768172888015717,784.0,6.665683717782408,0.35760755694984686,-1.315127122884307,35.01229822485493
Delhi,MADHUVIHAR,28.62543,77.30612,4.995712622,4,23,1,9,623,40,7,707,141.5213511,crime.csv,real,False,1.6094379124341003,0.8006865691963335,3.1780538303479458,4.603947772878918,0.6931471805599453,0.20017164229908338,2.302585092994046,1.8015447806917504,6.436150368369428,124.70693315232894,3.713572066704308,8.006865691963336,2.0794415416798357,1.4012014960935837,0.005657708628005658,0.03253182461103253,0.0014144271570014145,0.01272984441301273,0.8811881188118812,0.056577086280056574,0.009900990099009901,1120.0,7.02197642307216,-0.23486957259425462,1.3632465156898357,86.94821062264735
Delhi,BHARAT NAGAR,28.68062,77.17851,1.939521818,3,5,0,44,256,15,18,341,175.8165321,crime.csv,real,False,1.3862943611198906,1.5467730097996764,1.791759469228055,2.577955016332794,0.0,0.0,3.8066624897703196,22.686004143728585,5.54907608489522,131.99129683623903,2.772588722239781,7.733865048998381,2.9444389791664403,9.280638058798058,0.008797653958944282,0.01466275659824047,0.0,0.12903225806451613,0.750733137829912,0.04398826979472141,0.05278592375366569,649.0,6.476972362889683,0.5914840483190805,-0.09476585534701083,59.75001347537291
Delhi,MANDAWALI,28.62543,77.30612,4.995712622,2,9,1,15,522,21,23,593,118.7017839,crime.csv,real,False,1.0986122886681098,0.40034328459816676,2.302585092994046,1.8015447806917504,0.6931471805599453,0.20017164229908338,2.772588722239781,3.0025746344862507,6.259581464064923,104.48959728012153,3.091042453358316,4.203604488280751,3.1780538303479458,4.603947772878918,0.003372681281618887,0.01517706576728499,0.0016863406408094434,0.025295109612141653,0.8802698145025295,0.03541315345699832,0.0387858347386172,880.0,6.78105762593618,-0.23486957259425462,1.3632465156898357,86.94821062264735
Delhi,BABA HARI DAS NAGAR,28.62867,76.96681,28.98213358,2,9,1,67,409,17,7,512,17.66605618,crime.csv,real,False,1.0986122886681098,0.06900803194766036,2.302585092994046,0.3105361437644716,0.6931471805599453,0.03450401597383018,4.219507705176107,2.311769070246622,6.016157159698354,14.112142533296543,2.8903717578961645,0.586568271555113,2.0794415416798357,0.24152811181681125,0.00390625,0.017578125,0.001953125,0.130859375,0.798828125,0.033203125,0.013671875,891.0,6.79346613258001,-0.1863574194549598,-2.513551365483373,21.47263750806934
Delhi,CHHAWLA,28.58691,76.99466,26.30944559,2,6,0,62,480,15,10,575,21.8552686,crime.csv,real,False,1.0986122886681098,0.0760183255537769,1.9459101490553132,0.2280549766613307,0.0,0.0,4.143134726391533,2.356568092167084,6.175867270105761,18.244398132906458,2.772588722239781,0.5701374416533268,2.3978952727983707,0.3800916277688845,0.0034782608695652175,0.010434782608695653,0.0,0.10782608695652174,0.8347826086956521,0.02608695652173913,0.017391304347826087,911.0,6.815639990074331,-0.8116251710284536,-2.1953502485381806,20.565049798673765
Delhi,MEHRAULI,28.52149,77.18019,38.91186678,0,5,1,21,541,23,21,612,15.7278499,crime.csv,real,False,0.0,0.0,1.791759469228055,0.12849550570958243,0.6931471805599453,0.025699101141916484,3.091042453358316,0.5396811239802461,6.295266001439646,13.903213717776817,3.1780538303479458,0.5910793262640791,3.091042453358316,0.5396811239802461,0.0,0.008169934640522876,0.0016339869281045752,0.03431372549019608,0.8839869281045751,0.03758169934640523,0.03431372549019608,873.0,6.773080375655535,-1.7911514236131683,-0.07557095852597825,30.29962306467643
Delhi,MAURYA ENCLAVE,28.70045,77.14605,5.879256003,4,14,1,28,359,45,21,472,80.28226697,crime.csv,real,False,1.6094379124341003,0.6803581946353289,2.70805020110221,2.3812536812236513,0.6931471805599453,0.17008954865883222,3.367295829986474,4.762507362447303,5.886104031450156,61.06214796852077,3.828641396489095,7.654029689647451,3.091042453358316,3.5718805218354768,0.00847457627118644,0.029661016949152543,0.00211864406779661,0.059322033898305086,0.760593220338983,0.09533898305084745,0.04449152542372881,941.0,6.848005274576363,0.8883963929958452,-0.4656386832120294,48.521776236370975
Delhi,JANAK PURI,28.62863,77.08188,2.051115234,8,16,5,31,403,25,3,491,239.3819674,crime.csv,real,False,2.1972245773362196,3.9003171871522455,2.833213344056216,7.800634374304491,1.791759469228055,2.4376982419701534,3.4657359027997265,15.11372910021495,6.0014148779611505,196.47847830279437,3.258096538021482,12.188491209850767,1.3862943611198906,1.4626189451820921,0.016293279022403257,0.032586558044806514,0.010183299389002037,0.06313645621181263,0.8207739307535642,0.05091649694501019,0.006109979633401222,917.0,6.822197390620491,-0.18695633492579294,-1.19881518857554,58.02660450923152
Delhi,SARAI ROHILLA,28.66837,77.18368,1.948430286,0,14,1,15,320,11,2,363,186.3038173,crime.csv,real,False,0.0,0.0,2.70805020110221,7.185271190144085,0.6931471805599453,0.5132336564388632,2.772588722239781,7.698504846582948,5.771441123130016,164.23477006043623,2.4849066497880004,5.645570220827495,1.0986122886681098,1.0264673128777264,0.0,0.03856749311294766,0.0027548209366391185,0.04132231404958678,0.8815426997245179,0.030303030303030304,0.005509641873278237,564.0,6.336825731146441,0.4080661853694558,-0.03569584548689476,69.18476122310993
Delhi,GULABIBAGH,28.67005,77.19262,2.218660178,1,0,1,22,295,2,2,323,145.5833585,crime.csv,real,False,0.6931471805599453,0.4507224720197777,0.0,0.0,0.6931471805599453,0.4507224720197777,3.1354942159291497,9.91589438443511,5.69035945432406,132.96312924583444,1.0986122886681098,0.9014449440395554,1.0986122886681098,0.9014449440395554,0.0030959752321981426,0.0,0.0030959752321981426,0.06811145510835913,0.913312693498452,0.006191950464396285,0.006191950464396285,420.0,6.042632833682381,0.4332206351454062,0.0664484268826934,66.0199810490174
Delhi,ROOP NAGAR,28.68499,77.20265,1.076492634,10,16,1,31,436,25,13,532,494.1975293,crime.csv,real,False,2.3978952727983707,9.289427241914597,2.833213344056216,14.863083587063354,0.6931471805599453,0.9289427241914596,3.4657359027997265,28.79722444993525,6.07993319509559,405.0190277474764,3.258096538021482,23.22356810478649,2.6390573296152584,12.076255414488976,0.018796992481203006,0.03007518796992481,0.0018796992481203006,0.05827067669172932,0.8195488721804511,0.046992481203007516,0.02443609022556391,974.0,6.882437470997847,0.6569155635100505,0.1810465311182526,63.611927990780714
Delhi,VASANT KUNJ NORTH,28.53486,77.15232,14.1053716,2,8,0,35,648,14,2,709,50.26453893,crime.csv,real,False,1.0986122886681098,0.1417899546864827,2.1972245773362196,0.5671598187459308,0.0,0.0,3.58351893845611,2.481324207013447,6.47543271670409,45.9399453184204,2.70805020110221,0.9925296828053789,1.0986122886681098,0.1417899546864827,0.0028208744710860366,0.011283497884344146,0.0,0.04936530324400564,0.9139633286318759,0.019746121297602257,0.0028208744710860366,950.0,6.85751406254539,-1.59096392747963,-0.39400058614752276,32.02646635106801
Delhi,ROHINI NORTH,28.70894,77.11815,2.076678927,2,18,1,18,425,23,9,496,238.8428916,crime.csv,real,False,1.0986122886681098,0.9630761760987426,2.9444389791664403,8.667685584888684,0.6931471805599453,0.4815380880493713,2.9444389791664403,8.667685584888684,6.054439346269371,204.6536874209828,3.1780538303479458,11.07537602513554,2.302585092994046,4.333842792444342,0.004032258064516129,0.036290322580645164,0.0020161290322580645,0.036290322580645164,0.8568548387096774,0.046370967741935484,0.018145161290322582,821.0,6.71174039505618,1.0155162016849715,-0.7844110768483454,72.3143466743108
Delhi,GHAZIPUR,28.62486,77.33267,2.88681013,0,2,0,1,107,1,1,112,38.79714804,crime.csv,real,False,0.0,0.0,1.0986122886681098,0.6928062151423862,0.0,0.0,0.6931471805599453,0.3464031075711931,4.68213122712422,37.065132510117664,0.6931471805599453,0.3464031075711931,0.6931471805599453,0.3464031075711931,0.0,0.017857142857142856,0.0,0.008928571428571428,0.9553571428571429,0.008928571428571428,0.008928571428571428,136.0,4.919980925828125,-0.24340411805394635,1.666594438666144,36.61298924967246
Delhi,SEEMAPURI,28.67811,77.31653,4.731868997,1,2,0,16,263,14,11,307,64.8792264,crime.csv,real,False,0.6931471805599453,0.2113329850496704,1.0986122886681098,0.4226659700993408,0.0,0.0,2.833213344056216,3.3813277607947265,5.575949103146316,55.58057506806332,2.70805020110221,2.958661790695386,2.4849066497880004,2.3246628355463748,0.003257328990228013,0.006514657980456026,0.0,0.05211726384364821,0.8566775244299675,0.04560260586319218,0.035830618892508145,467.0,6.148468295917647,0.5539021025228633,1.4821863227777055,58.83895731554358
Delhi,SEELAMPUR,28.6743,77.26855,1.57623738,4,16,1,46,411,12,12,502,318.4799488,crime.csv,real,False,1.6094379124341003,2.53768883466017,2.833213344056216,10.15075533864068,0.6931471805599453,0.6344222086650425,3.8501476017100584,29.18342159859196,6.021023349349527,260.7475277613325,2.5649493574615367,7.6130665039805105,2.5649493574615367,7.6130665039805105,0.00796812749003984,0.03187250996015936,0.00199203187250996,0.09163346613545817,0.8187250996015937,0.02390438247011952,0.02390438247011952,880.0,6.78105762593618,0.4968554039238235,0.9339892099939192,102.69620698915497
Delhi,MANSAROVAR PARK,28.68277,77.29856,2.231365619,7,29,0,17,336,30,20,439,196.7405055,crime.csv,real,False,2.0794415416798357,3.1370923439866805,3.4011973816621555,12.996525425087675,0.0,0.0,2.8903717578961645,7.618652835396224,5.820082930352362,150.58043251136067,3.4339872044851463,13.44468147422863,3.044522437723423,8.963120982819087,0.015945330296127564,0.06605922551252848,0.0,0.0387243735763098,0.765375854214123,0.0683371298405467,0.04555808656036447,936.0,6.842683282238422,0.6236757548775865,1.2768694799947018,61.16789581968407
Delhi,SHAHDARA,28.6742,77.28518,2.231365619,1,11,0,8,142,47,15,224,100.386955,crime.csv,real,False,0.6931471805599453,0.44815604914095436,2.4849066497880004,4.929716540550498,0.0,0.0,2.1972245773362196,3.585248393127635,4.962844630259907,63.63815897801552,3.871201010907891,21.063334309624853,2.772588722239781,6.722340737114315,0.004464285714285714,0.049107142857142856,0.0,0.03571428571428571,0.6339285714285714,0.20982142857142858,0.06696428571428571,567.0,6.342121418721152,0.49535811524668744,1.1239958374551722,87.97472666984937
Delhi,KHAJURIKHAS,28.71113,77.2561,4.453887398,2,7,0,20,175,24,6,234,52.53837358,crime.csv,real,False,1.0986122886681098,0.44904592803538135,2.0794415416798357,1.5716607481238347,0.0,0.0,3.044522437723423,4.4904592803538135,5.170483995038151,39.29151870309587,3.2188758248682006,5.388551136424576,1.9459101490553132,1.347137784106144,0.008547008547008548,0.029914529914529916,0.0,0.08547008547008547,0.7478632478632479,0.10256410256410256,0.02564102564102564,475.0,6.16541785423142,1.0483068237143638,0.7917413139088956,50.037289196005815
Delhi,JYOTI NAGAR,28.69612,77.2917,1.275858528,8,13,2,11,160,11,18,223,174.7842688,crime.csv,real,False,2.1972245773362196,6.270287672521635,2.6390573296152584,10.189217467847657,1.0986122886681098,1.5675719181304089,2.4849066497880004,8.621645549717249,5.081404364984463,125.4057534504327,2.4849066497880004,8.621645549717249,2.9444389791664403,14.108147263173679,0.03587443946188341,0.05829596412556054,0.008968609865470852,0.04932735426008968,0.7174887892376681,0.04932735426008968,0.08071748878923767,533.0,6.280395838960195,0.8235637932757083,1.198490317975296,54.17087177861443
Delhi,HARSH VIHAR,28.70603,77.31849,2.572204895,2,9,0,23,471,17,7,529,205.6601327,crime.csv,real,False,1.0986122886681098,0.7775430347277992,2.302585092994046,3.498943656275096,0.0,0.0,3.1780538303479458,8.94174489936969,6.156978985585555,183.1113846783967,2.8903717578961645,6.609115795186293,2.0794415416798357,2.7214006215472972,0.003780718336483932,0.017013232514177693,0.0,0.043478260869565216,0.8903591682419659,0.03213610586011342,0.013232514177693762,768.0,6.645090969505644,0.9719451011802098,1.5045803690689643,41.26858449164183
Delhi,MUNDKA,28.67042,76.96085,48.58235864,1,5,0,11,239,11,3,270,5.557572904,crime.csv,real,False,0.6931471805599453,0.020583603348904838,1.791759469228055,0.1029180167445242,0.0,0.0,2.4849066497880004,0.22641963683795324,5.480638923341991,4.919481200388256,2.4849066497880004,0.22641963683795324,1.3862943611198906,0.06175081004671452,0.003703703703703704,0.018518518518518517,0.0,0.040740740740740744,0.8851851851851852,0.040740740740740744,0.011111111111111112,400.0,5.993961427306569,0.4387606032508257,-2.5816475470630444,14.708237423077803
Delhi,BHAJANPURI,28.70128,77.2644,10.15799164,3,19,4,25,193,19,28,291,28.64739511,crime.csv,real,False,1.3862943611198906,0.29533397017050506,2.995732273553991,1.870448477746532,1.6094379124341003,0.3937786268940068,3.258096538021482,2.461116418087542,5.267858159063328,18.999818747635825,2.995732273553991,1.870448477746532,3.367295829986474,2.756450388258047,0.010309278350515464,0.06529209621993128,0.013745704467353952,0.0859106529209622,0.6632302405498282,0.06529209621993128,0.09621993127147767,718.0,6.577861357721047,0.900823889016112,0.8865732446321364,53.51406584237523
Delhi,ZAFRABAD,28.67909,77.27297,1.57623738,1,2,0,3,66,4,3,79,50.11935449,crime.csv,real,False,0.6931471805599453,0.6344222086650425,1.0986122886681098,1.268844417330085,0.0,0.0,1.3862943611198906,1.9032666259951276,4.204692619390966,41.87186577189281,1.6094379124341003,2.53768883466017,1.3862943611198906,1.9032666259951276,0.012658227848101266,0.02531645569620253,0.0,0.0379746835443038,0.8354430379746836,0.05063291139240506,0.0379746835443038,136.0,4.919980925828125,0.5685755315588077,0.9844900694875086,94.34633337203616
Delhi,WELCOME,28.67341,77.27479,1.805524407,0,2,0,15,337,5,5,364,201.6034779,crime.csv,real,False,0.0,0.0,1.0986122886681098,1.1077114173843454,0.0,0.0,2.772588722239781,8.307835630382591,5.823045895483019,186.64937382926223,1.791759469228055,2.7692785434608638,1.791759469228055,2.7692785434608638,0.0,0.005494505494505495,0.0,0.04120879120879121,0.9258241758241759,0.013736263736263736,0.013736263736263736,458.0,6.129050210060545,0.48352953469730686,1.0052845410436544,113.06343178725882
Delhi,NANDNAGARI,28.69853,77.30817,2.02815697,9,26,2,30,580,34,11,692,341.1964707,crime.csv,real,False,2.302585092994046,4.437526351818814,3.295836866004329,12.81952057192102,1.0986122886681098,0.9861169670708476,3.4339872044851463,14.791754506062714,6.364750756851911,285.9739204505458,3.5553480614894135,16.76398844020441,2.4849066497880004,5.423643318889662,0.01300578034682081,0.03757225433526012,0.002890173410404624,0.04335260115606936,0.838150289017341,0.049132947976878616,0.015895953757225433,1230.0,7.115582126184454,0.8596484503947894,1.386668860025084,58.41551068822342
Delhi,G.T.B. ENCLAVE,28.68496,77.316,2.874304374,1,1,0,13,86,6,7,114,39.66177035,crime.csv,real,False,0.6931471805599453,0.3479102662354297,0.6931471805599453,0.3479102662354297,0.0,0.0,2.6390573296152584,4.522833461060586,4.465908118654584,29.920282896246952,1.9459101490553132,2.0874615974125783,2.0794415416798357,2.4353718636480077,0.008771929824561403,0.008771929824561403,0.0,0.11403508771929824,0.7543859649122807,0.05263157894736842,0.06140350877192982,214.0,5.3706380281276624,0.6564663769069257,1.4761307898520246,61.12021551367156
Delhi,NEW USMANPUR,28.67202,77.26207,3.093393387,0,8,1,10,580,9,5,613,198.1642563,crime.csv,real,False,0.0,0.0,2.1972245773362196,2.5861566891621472,0.6931471805599453,0.3232695861452684,2.3978952727983707,3.232695861452684,6.364750756851911,187.49635996425567,2.302585092994046,2.9094262753074154,1.791759469228055,1.616347930726342,0.0,0.013050570962479609,0.0016313213703099511,0.01631321370309951,0.9461663947797716,0.01468189233278956,0.008156606851549755,758.0,6.63200177739563,0.46271722208505656,0.8599517508266616,76.32699868886927
Delhi,SONIA VIHAR,28.71128,77.25611,4.453887398,6,25,1,25,300,42,8,407,91.38084635,crime.csv,real,False,1.9459101490553132,1.347137784106144,3.258096538021482,5.613074100442267,0.6931471805599453,0.22452296401769067,3.258096538021482,5.613074100442267,5.707110264748875,67.35688920530721,3.7612001156935624,9.429964488743009,2.1972245773362196,1.7961837121415254,0.014742014742014743,0.06142506142506143,0.002457002457002457,0.06142506142506143,0.7371007371007371,0.10319410319410319,0.019656019656019656,911.0,6.815639990074331,1.0505527567300414,0.7918555692471527,50.00817658656432
Delhi,KARAWAL NAGAR,28.73284,77.2745,2.937546578,7,15,2,26,334,19,7,410,139.572255,crime.csv,real,False,2.0794415416798357,2.3829409386815175,2.772588722239781,5.106302011460395,1.0986122886681098,0.6808402681947193,3.295836866004329,8.85092348653135,5.814130531825066,113.70032478851813,2.995732273553991,6.467982547849833,2.0794415416798357,2.3829409386815175,0.01707317073170732,0.036585365853658534,0.004878048780487805,0.06341463414634146,0.8146341463414634,0.046341463414634146,0.01707317073170732,769.0,6.646390514847729,1.373368195521351,1.0019711362353334,30.916917223609993
Delhi,GOKULPURI,28.70225,77.28085,1.566343791,2,6,2,22,306,19,8,365,233.0267481,crime.csv,real,False,1.0986122886681098,1.276858893616925,1.9459101490553132,3.830576680850775,1.0986122886681098,1.276858893616925,3.1354942159291497,14.045447829786175,5.726847747587197,195.35941072338952,2.995732273553991,12.130159489360787,2.1972245773362196,5.1074355744677,0.005479452054794521,0.01643835616438356,0.005479452054794521,0.06027397260273973,0.8383561643835616,0.052054794520547946,0.021917808219178082,607.0,6.410174881966167,0.9153475891843482,1.0745232760055725,47.15814718345668
