region,location,latitude,longitude,area,murder_count,rape_count,gangrape_count,robbery_count,theft_count,assault_count,sexual_harassment_count,total_crime,crime_density,source_file,source_type,is_synthetic
Delhi,CHITRANJAN PARK,28.53632,77.2492,2.659329537,2,6,1,35,442,19,7,512,192.5297308,crime.csv,real,False
Delhi,DABRI,28.61268,77.086,3.401013428,8,28,0,79,240,26,16,397,116.7299125,crime.csv,real,False
Delhi,MALVIYA NAGAR,28.52989,77.20418,1.379853572,3,28,1,33,694,63,15,837,606.5861022,crime.csv,real,False
Delhi,CHANDNI MAHAL,28.64361,77.23608,5.570696132,1,8,1,23,529,19,7,588,105.5523378,crime.csv,real,False
Delhi,MODEL TOWN,28.70257,77.19369,2.689157085,0,4,1,45,393,9,14,466,173.2885009,crime.csv,real,False
Delhi,ANANDVIHAR,28.65335,77.29373,4.558969692,10,14,0,99,457,24,15,619,135.776292,crime.csv,real,False
Delhi,KASHMERE GATE,28.66645,77.22618,1.627909974,0,9,3,17,340,17,12,398,244.4852641,crime.csv,real,False
Delhi,GOVIND PURI,28.53067,77.26532,8.99271206,1,4,3,31,692,5,5,741,82.40005852,crime.csv,real,False
Delhi,BINDAPUR,28.6091,77.06618,2.5680795,4,4,1,64,417,11,8,509,198.2025868,crime.csv,real,False
Delhi,NEW FRIENDS COLONY,28.56234,77.2676,4.04538671,6,7,1,47,609,14,10,694,171.5534385,crime.csv,real,False
Delhi,SARITA VIHAR,28.52299,77.30617,7.942774025,1,12,0,12,211,8,1,245,30.84564653,crime.csv,real,False
Delhi,TIMARPUR,28.7072,77.2242,6.149745104,8,17,1,60,626,23,5,740,120.3301905,crime.csv,real,False
Delhi,KANJHAWALA,28.72582,77.00361,35.4901909,1,5,2,15,307,21,10,361,10.17182469,crime.csv,real,False
Delhi,ANAND PARBAT,28.66004,77.17376,1.948430286,5,20,1,77,374,35,9,521,267.394735,crime.csv,real,False
Delhi,SAGARPUR,28.59139,77.08644,1.283551172,2,7,0,11,180,4,4,208,162.0504149,crime.csv,real,False
Delhi,PRASHANT VIHAR,28.71793,77.12757,2.076678927,7,8,0,41,457,39,14,566,272.5505578,crime.csv,real,False
Delhi,SOUTH CAMPUS,28.57051,77.179,4.518856098,10,11,1,38,248,8,9,325,71.92085629,crime.csv,real,False
Delhi,ROHINI SOUTH,28.70236,77.1159,2.649542395,6,14,0,96,560,24,5,705,266.0836835,crime.csv,real,False
Delhi,PUNJABI BAGH,28.67441,77.13276,2.57731064,9,24,0,64,1251,54,19,1421,551.349914,crime.csv,real,False
Delhi,DWARKA NORTH,28.60369,77.01564,30.06854798,3,2,0,10,104,10,13,142,4.722542641,crime.csv,real,False
Delhi,BURARI,28.73664,77.19735,11.3338763,3,12,0,56,562,21,17,671,59.203046,crime.csv,real,False
Delhi,JAMA MASJID,28.65284,77.23362,3.817050224,4,19,0,13,317,10,1,364,95.36159563,crime.csv,real,False
Delhi,ADRASH NAGAR,28.70984,77.17532,1.646190527,3,15,0,41,354,18,3,434,263.6389852,crime.csv,real,False
Delhi,CHANAKYAPURI,28.60337,77.19606,10.99345252,1,7,2,40,649,20,4,723,65.76641857,crime.csv,real,False
Delhi,PANDAV NAGAR,28.62038,77.30265,1.470612978,5,16,3,27,351,23,10,435,295.7950231,crime.csv,real,False
Delhi,MIANWALI NAGAR,28.67965,77.08879,1.729847853,1,12,1,46,400,27,8,495,286.1523337,crime.csv,real,False
Delhi,FATEHPUR BERI,28.46549,77.15114,35.89559495,7,10,0,60,683,7,9,776,21.61825152,crime.csv,real,False
Delhi,NABI KARIM,28.64981,77.21754,1.799866446,4,4,0,29,612,6,5,660,366.6938741,crime.csv,real,False
Delhi,RAJOURI GARDEN,28.63969,77.11992,1.731624057,1,7,0,37,567,20,4,636,367.2852645,crime.csv,real,False
Delhi,JAHANGIR PURI,28.73358,77.17487,2.463668046,1,23,1,17,441,36,6,525,213.0968906,crime.csv,real,False
Delhi,KAMLA MARKET,28.64295,77.22621,3.095888323,4,11,0,5,107,7,5,139,44.89826037,crime.csv,real,False
Delhi,BARAKHAMBA ROAD,28.63089,77.22498,3.748441999,9,14,1,125,808,16,38,1011,269.7120565,crime.csv,real,False
Delhi,SAFDARJUNG ENCLAVE,28.56934,77.20489,2.366255942,2,7,0,1,83,3,10,106,44.79650663,crime.csv,real,False
Delhi,MUKHERJI NAGAR,28.70024,77.20856,6.149745104,1,8,0,54,789,14,7,873,141.9571031,crime.csv,real,False
Delhi,FARASH BAZAR,28.66879,77.29224,1.721757744,6,3,1,20,374,14,9,427,248.0023694,crime.csv,real,False
Delhi,KALKAJI,28.53321,77.25743,2.659329537,2,9,0,17,141,8,2,179,67.31019886,crime.csv,real,False
Delhi,KALKAJI,28.54728,77.25644,2.745338744,2,9,0,17,141,8,2,179,65.20142565,crime.csv,real,False
Delhi,PARSHAD NAGAR,28.64784,77.18053,4.104570166,1,12,2,36,466,6,13,536,130.5861462,crime.csv,real,False
Delhi,LODHI COLONY,28.58744,77.24047,2.11696063,0,5,0,17,168,13,5,208,98.25407096,crime.csv,real,False
Delhi,INDERPURI,28.63077,77.14501,1.255396299,0,13,0,17,212,31,5,278,221.4440175,crime.csv,real,False
Delhi,OKHLA,28.52678,77.27462,1.71603619,6,27,3,8,174,13,13,244,142.1881435,crime.csv,real,False
Delhi,SAMAYPURBADLI,28.72516,77.14219,3.249865013,0,2,0,5,74,7,2,90,27.69345792,crime.csv,real,False
Delhi,JAFFARPUR KALAN,28.59572,76.91555,70.46948722,2,11,1,35,719,8,5,781,11.08281089,crime.csv,real,False
Delhi,MAYA PURI,28.62657,77.12084,2.553754816,3,21,2,17,256,28,17,344,134.7036128,crime.csv,real,False
Delhi,AMAN VIHAR,28.70965,77.06081,3.296887934,10,14,1,84,487,25,12,633,191.9992467,crime.csv,real,False
Delhi,VIJAY VIHAR,28.71003,77.10186,2.649542395,0,3,0,9,232,6,5,255,96.24303447,crime.csv,real,False
Delhi,AMAR COLONY,28.55914,77.24093,1.505936692,3,14,1,88,484,17,40,647,429.6329345,crime.csv,real,False
Delhi,ALIPUR,28.79903,77.13913,51.54547492,6,15,1,52,320,22,18,434,8.419749759,crime.csv,real,False
Delhi,MAHENDRA PARK,28.72579,77.16418,2.463668046,0,15,2,37,832,28,4,918,372.6151344,crime.csv,real,False
Delhi,VASANT KUNJ SOUTH,28.53492,77.15236,14.1053716,0,1,0,1,65,1,3,71,5.033543391,crime.csv,real,False
Delhi,BHALSWA DAIRY,28.74286,77.16574,4.49852205,2,13,1,28,338,23,12,417,92.69711149,crime.csv,real,False
Delhi,BAWANA,28.79654,77.04254,40.32792292,6,20,3,93,383,13,8,526,13.04307194,crime.csv,real,False
Delhi,BEGUM PUR,28.72449,77.05179,35.4901909,0,4,0,73,413,5,4,499,14.06022305,crime.csv,real,False
Delhi,NARAINA,28.63356,77.13777,14.93729349,2,11,0,28,425,18,12,496,33.20547998,crime.csv,real,False
Delhi,NEB SARAI,28.49893,77.21428,8.344724019,3,20,2,35,626,19,13,718,86.04239018,crime.csv,real,False
Delhi,RAJINDER NAGAR,28.63505,77.18285,3.013302528,1,21,1,31,474,32,11,571,189.4930876,crime.csv,real,False
Delhi,SHALIMAR BAGH,28.71681,77.15712,1.28161156,8,9,0,45,335,13,23,433,337.855879,crime.csv,real,False
Delhi,KESHAV PURAM,28.68423,77.15977,1.352844685,1,43,0,21,336,47,10,458,338.5458842,crime.csv,real,False
Delhi,RANI BAGH,28.69784,77.11933,2.974723888,2,25,1,56,496,27,10,617,207.4142083,crime.csv,real,False
Delhi,BARA HINDU RAO,28.66539,77.20846,1.749323881,6,20,2,35,284,10,10,367,209.7953409,crime.csv,real,False
Delhi,CONNAUGHT PLACE,28.63,77.21432,5.266891996,1,11,0,55,800,36,6,909,172.5875527,crime.csv,real,False
Delhi,H. N. DIN,28.59238,77.24417,10.31630404,1,8,1,15,214,14,4,257,24.91202265,crime.csv,real,False
Delhi,DARYA GANJ,28.6419,77.24062,5.570696132,4,5,0,19,180,8,6,222,39.85139285,crime.csv,real,False
Delhi,MANGOLPURI,28.69664,77.09163,2.980192322,8,15,1,9,116,27,10,186,62.41207947,crime.csv,real,False
Delhi,VIVEKVIHAR,28.66676,77.30662,4.731868997,0,1,0,6,120,1,3,131,27.68462104,crime.csv,real,False
Delhi,LAHORI GATE,28.65557,77.21885,2.975208719,9,12,2,10,244,20,5,302,101.5054836,crime.csv,real,False
Delhi,SULTAN PURI,28.70265,77.07856,1.975070373,0,9,0,66,631,16,7,729,369.1007723,crime.csv,real,False
Delhi,GEETA COLONY,28.6554,77.27642,1.021961219,3,6,0,9,254,9,11,292,285.7251279,crime.csv,real,False
Delhi,CIVIL LINES,28.68851,77.2215,4.21554288,3,9,0,63,791,24,17,907,215.1561556,crime.csv,real,False
Delhi,ASHOK VIHAR,28.69245,77.17432,3.536288039,5,10,2,52,445,22,7,543,153.5508403,crime.csv,real,False
Delhi,TILAK NAGAR,28.63896,77.10143,1.622207446,7,29,3,44,466,27,8,584,360.003279,crime.csv,real,False
Delhi,PALAM VILLAGE,28.58809,77.08293,1.326803624,4,9,3,22,192,19,4,253,190.6838324,crime.csv,real,False
Delhi,MOTI NAGAR,28.66013,77.14659,3.148605142,2,24,0,44,814,41,24,949,301.4033063,crime.csv,real,False
Delhi,HARI NAGAR,28.60935,77.09946,2.386161479,5,17,0,11,469,21,5,528,221.2758879,crime.csv,real,False
Delhi,PAHARGANJ,28.64583,77.20931,1.728182346,7,16,0,19,283,29,14,368,212.9404925,crime.csv,real,False
Delhi,SADAR BAZAR,28.65399,77.21115,2.975208719,4,3,0,13,379,3,4,406,136.4610144,crime.csv,real,False
Delhi,SAROJINI NAGAR,28.57449,77.19913,1.891342634,1,5,0,25,347,6,0,384,203.0303727,crime.csv,real,False
Delhi,NAJAFGARH,28.60975,76.98269,8.461597124,2,4,0,54,895,9,9,973,114.9901119,crime.csv,real,False
Delhi,KAPASHERA,28.52958,77.0872,21.50057279,1,12,3,19,143,16,2,196,9.116036206,crime.csv,real,False
Delhi,KALYANPURI,28.61363,77.31708,0.878452779,5,8,0,33,245,9,3,303,344.9246303,crime.csv,real,False
Delhi,BADAR PUR,28.49385,77.30357,2.116989697,4,11,1,59,318,10,8,411,194.1435995,crime.csv,real,False
Delhi,SUBHASH PLACE,28.68901,77.14412,0.885072498,10,15,1,54,590,5,26,701,792.0255138,crime.csv,real,False
Delhi,SUBZIMANDI,28.66917,77.20774,2.975208719,7,14,2,61,644,9,17,754,253.4275982,crime.csv,real,False
Delhi,MAURICE NAGAR,28.69251,77.20652,6.149745104,2,31,0,31,469,38,10,581,94.47546039,crime.csv,real,False
Delhi,MANDIR MARG,28.63857,77.20325,9.889059631,5,24,4,50,817,68,15,983,99.40277809,crime.csv,real,False
Delhi,TUGLAK ROAD,28.59827,77.21117,6.857849293,3,15,0,67,595,17,8,705,102.8019091,crime.csv,real,False
Delhi,LAJPAT NAGAR,28.56843,77.24052,1.505936692,1,7,0,15,160,8,8,199,132.1436692,crime.csv,real,False
Delhi,KRISHNA NAGAR,28.66699,77.28072,1.904048824,7,13,2,14,133,25,4,198,103.9889301,crime.csv,real,False
Delhi,PRASHANT VIHAR,28.60415,77.23372,6.857849293,7,8,0,41,457,39,14,566,82.53316394,crime.csv,real,False
Delhi,ANANDVIHAR,28.65597,77.31306,4.558969692,10,14,0,99,457,24,15,619,135.776292,crime.csv,real,False
Delhi,SWARUP NAGAR,28.75841,77.1562,12.08811457,4,23,1,52,443,31,6,560,46.32649671,crime.csv,real,False
Delhi,GREATER KAILASH,28.5541,77.23278,3.793564843,0,2,0,12,164,6,4,188,49.55760816,crime.csv,real,False
Delhi,VIKAS PURI,28.62997,77.06834,1.247661874,2,3,1,14,204,7,1,232,185.9478156,crime.csv,real,False
Delhi,UTTAM NAGAR,28.62499,77.06488,2.747375479,2,10,1,81,1042,23,21,1180,429.5008123,crime.csv,real,False
Delhi,DEFENCE COLONY,28.56468,77.23337,2.480276534,3,14,1,25,158,16,10,227,91.52205283,crime.csv,real,False
Delhi,JAMIA NAGAR,28.56207,77.29235,7.880690981,9,23,4,20,261,23,5,345,43.7778871,crime.csv,real,False
Delhi,KASHMERE GATE,28.66254,77.2315,1.627909974,0,9,3,17,340,17,12,398,244.4852641,crime.csv,real,False
Delhi,PULPRAHLAD PUR,28.50165,77.29099,3.852127696,2,15,1,41,389,24,9,481,124.8660579,crime.csv,real,False
Delhi,SARITA VIHAR,28.54046,77.28196,6.171102991,1,12,0,12,211,8,1,245,39.70116855,crime.csv,real,False
Delhi,NANGLOI,28.68199,77.06698,2.253261514,3,13,5,58,838,23,15,955,423.8300765,crime.csv,real,False
Delhi,SAFDARJUNG ENCLAVE,28.55848,77.19855,3.486811523,2,7,0,1,83,3,10,106,30.40026664,crime.csv,real,False
Delhi,HAUZQAZI,28.64335,77.22548,3.095888323,1,6,0,12,431,37,4,491,158.5974521,crime.csv,real,False
Delhi,DWARKA SOUTH,28.57837,77.06666,30.06854798,4,8,2,28,299,17,4,362,12.039158,crime.csv,real,False
Delhi,PASCHIM VIHAR,28.67112,77.10115,3.794663797,2,13,0,48,526,13,30,632,166.5496692,crime.csv,real,False
Delhi,BINDAPUR,28.62046,77.06744,2.747375479,4,4,1,64,417,11,8,509,185.2677233,crime.csv,real,False
Delhi,TILAK MARG,28.61821,77.23537,3.748441999,8,19,1,36,294,16,7,381,101.642229,crime.csv,real,False
Delhi,RAJOURI GARDEN,28.65151,77.1196,1.798942912,1,7,0,37,567,20,4,636,353.5409577,crime.csv,real,False
Delhi,SANGAM VIHAR,28.50957,77.24299,3.10572333,3,6,0,17,179,8,2,215,69.22702931,crime.csv,real,False
Delhi,MAYURVIHAR,28.60733,77.30367,2.111658828,0,7,0,13,201,10,14,245,116.0225301,crime.csv,real,False
Delhi,SHAHBAD DAIRY,28.74766,77.07894,49.82264953,0,8,0,18,315,5,6,352,7.065059834,crime.csv,real,False
Delhi,GANDHI NAGAR,28.65955,77.26733,1.205110776,1,2,0,32,313,5,1,354,293.7489292,crime.csv,real,False
Delhi,DWARKA SEC-23,28.56411,77.05849,30.06854798,4,1,0,28,437,4,1,475,15.79723771,crime.csv,real,False
Delhi,RANJIT NAGAR,28.64751,77.15868,2.003783762,3,9,0,38,324,16,13,403,201.1195058,crime.csv,real,False
Delhi,RANHOLA,28.65375,77.03599,11.28382351,3,15,2,45,319,47,33,464,41.1208133,crime.csv,real,False
Delhi,SAKET,28.52882,77.22715,2.732945718,2,0,0,2,126,4,0,134,49.0313434,crime.csv,real,False
Delhi,SHAKARPUR,28.63775,77.2703,3.019451766,4,2,0,38,266,13,4,327,108.2978055,crime.csv,real,False
Delhi,PREETVIHAR,28.63852,77.29526,2.272578698,4,5,1,42,509,3,4,568,249.9363391,crime.csv,real,False
Delhi,KIRTI NAGAR,28.64053,77.13509,1.511976155,6,16,2,16,203,23,8,274,181.2197891,crime.csv,real,False
Delhi,HAUZ KHAS,28.54939,77.20847,2.436526458,4,10,1,17,367,15,3,417,171.1452788,crime.csv,real,False
Delhi,BAWANA,28.80659,77.0228,40.32792292,6,20,3,93,383,13,8,526,13.04307194,crime.csv,real,False
Delhi,KN KATJU MARG,28.73043,77.121,8.251478933,1,3,0,14,273,8,4,303,36.72069001,crime.csv,real,False
Delhi,I.P. ESTATE,28.6274,77.24722,9.253420865,5,22,2,18,576,27,4,654,70.67656487,crime.csv,real,False
Delhi,KOTALA MUBARAK PUR,28.5759,77.22514,1.628367164,7,2,5,28,467,48,14,571,350.6580165,crime.csv,real,False
Delhi,DELHI CANTT,28.59872,77.12437,42.83635341,1,7,0,27,246,9,3,293,6.839984655,crime.csv,real,False
Delhi,D.B.G ROAD,28.65258,77.19326,1.643641889,4,11,1,57,397,18,12,500,304.2025173,crime.csv,real,False
Delhi,KHYALA,28.65761,77.11332,2.093069914,5,18,6,30,663,60,11,793,378.869332,crime.csv,real,False
Delhi,JAGATPURI,28.64359,77.2839,1.021961219,9,30,0,23,645,27,6,740,724.0979268,crime.csv,real,False
Delhi,PATEL NAGAR,28.65237,77.15822,4.104570166,2,6,2,47,437,10,13,517,125.9571597,crime.csv,real,False
Delhi,VASANT VIHAR,28.55797,77.16933,14.1053716,2,5,1,5,41,5,3,62,4.395488595,crime.csv,real,False
Delhi,KAROL BAGH,28.65256,77.1932,1.643641889,4,24,0,36,129,9,8,210,127.7650573,crime.csv,real,False
Delhi,SUNLIGHT COLONY,28.57835,77.26018,2.112193774,6,27,0,82,1273,40,5,1433,678.4415415,crime.csv,real,False
Delhi,NARELA,28.85321,77.08849,20.33327697,6,17,0,17,316,38,6,400,19.67218568,crime.csv,real,False
Delhi,NEW ASHOK NAGAR,28.59818,77.31178,3.300804937,2,18,2,126,945,52,34,1179,357.1856024,crime.csv,real,False
Delhi,PARLIAMENT STREET,28.62473,77.21366,5.266891996,7,5,0,29,368,18,12,439,83.35086429,crime.csv,real,False
Delhi,NIHAL VIHAR,28.665,77.0717,3.660010619,1,6,3,39,437,14,9,509,139.0706348,crime.csv,real,False
Delhi,MADHUVIHAR,28.62543,77.30612,4.995712622,4,23,1,9,623,40,7,707,141.5213511,crime.csv,real,False
Delhi,BHARAT NAGAR,28.68062,77.17851,1.939521818,3,5,0,44,256,15,18,341,175.8165321,crime.csv,real,False
Delhi,MANDAWALI,28.62543,77.30612,4.995712622,2,9,1,15,522,21,23,593,118.7017839,crime.csv,real,False
Delhi,BABA HARI DAS NAGAR,28.62867,76.96681,28.98213358,2,9,1,67,409,17,7,512,17.66605618,crime.csv,real,False
Delhi,CHHAWLA,28.58691,76.99466,26.30944559,2,6,0,62,480,15,10,575,21.8552686,crime.csv,real,False
Delhi,MEHRAULI,28.52149,77.18019,38.91186678,0,5,1,21,541,23,21,612,15.7278499,crime.csv,real,False
Delhi,MAURYA ENCLAVE,28.70045,77.14605,5.879256003,4,14,1,28,359,45,21,472,80.28226697,crime.csv,real,False
Delhi,JANAK PURI,28.62863,77.08188,2.051115234,8,16,5,31,403,25,3,491,239.3819674,crime.csv,real,False
Delhi,SARAI ROHILLA,28.66837,77.18368,1.948430286,0,14,1,15,320,11,2,363,186.3038173,crime.csv,real,False
Delhi,GULABIBAGH,28.67005,77.19262,2.218660178,1,0,1,22,295,2,2,323,145.5833585,crime.csv,real,False
Delhi,ROOP NAGAR,28.68499,77.20265,1.076492634,10,16,1,31,436,25,13,532,494.1975293,crime.csv,real,False
Delhi,VASANT KUNJ NORTH,28.53486,77.15232,14.1053716,2,8,0,35,648,14,2,709,50.26453893,crime.csv,real,False
Delhi,ROHINI NORTH,28.70894,77.11815,2.076678927,2,18,1,18,425,23,9,496,238.8428916,crime.csv,real,False
Delhi,GHAZIPUR,28.62486,77.33267,2.88681013,0,2,0,1,107,1,1,112,38.79714804,crime.csv,real,False
Delhi,SEEMAPURI,28.67811,77.31653,4.731868997,1,2,0,16,263,14,11,307,64.8792264,crime.csv,real,False
Delhi,SEELAMPUR,28.6743,77.26855,1.57623738,4,16,1,46,411,12,12,502,318.4799488,crime.csv,real,False
Delhi,MANSAROVAR PARK,28.68277,77.29856,2.231365619,7,29,0,17,336,30,20,439,196.7405055,crime.csv,real,False
Delhi,SHAHDARA,28.6742,77.28518,2.231365619,1,11,0,8,142,47,15,224,100.386955,crime.csv,real,False
Delhi,KHAJURIKHAS,28.71113,77.2561,4.453887398,2,7,0,20,175,24,6,234,52.53837358,crime.csv,real,False
Delhi,JYOTI NAGAR,28.69612,77.2917,1.275858528,8,13,2,11,160,11,18,223,174.7842688,crime.csv,real,False
Delhi,HARSH VIHAR,28.70603,77.31849,2.572204895,2,9,0,23,471,17,7,529,205.6601327,crime.csv,real,False
Delhi,MUNDKA,28.67042,76.96085,48.58235864,1,5,0,11,239,11,3,270,5.557572904,crime.csv,real,False
Delhi,BHAJANPURI,28.70128,77.2644,10.15799164,3,19,4,25,193,19,28,291,28.64739511,crime.csv,real,False
Delhi,ZAFRABAD,28.67909,77.27297,1.57623738,1,2,0,3,66,4,3,79,50.11935449,crime.csv,real,False
Delhi,WELCOME,28.67341,77.27479,1.805524407,0,2,0,15,337,5,5,364,201.6034779,crime.csv,real,False
Delhi,NANDNAGARI,28.69853,77.30817,2.02815697,9,26,2,30,580,34,11,692,341.1964707,crime.csv,real,False
Delhi,G.T.B. ENCLAVE,28.68496,77.316,2.874304374,1,1,0,13,86,6,7,114,39.66177035,crime.csv,real,False
Delhi,NEW USMANPUR,28.67202,77.26207,3.093393387,0,8,1,10,580,9,5,613,198.1642563,crime.csv,real,False
Delhi,SONIA VIHAR,28.71128,77.25611,4.453887398,6,25,1,25,300,42,8,407,91.38084635,crime.csv,real,False
Delhi,KARAWAL NAGAR,28.73284,77.2745,2.937546578,7,15,2,26,334,19,7,410,139.572255,crime.csv,real,False
Delhi,GOKULPURI,28.70225,77.28085,1.566343791,2,6,2,22,306,19,8,365,233.0267481,crime.csv,real,False
Noida,Chhajarsi Colony,59.2766517,15.2072783,7.282757885,1,6,3,12,688,5,12,727,99.8248206902,noida.csv,dummy,True
Noida,Dadri Road,-6.2434505,106.3684552,4.16717023,7,9,2,1,867,38,21,945,226.7725933529,noida.csv,dummy,True
Noida,Garhi Samastpur,36.284107,100.620031,4.605135636,4,1,10,45,799,17,2,878,190.656707945,noida.csv,dummy,True
Noida,Greater Noida Exp.,36.2308144,38.0181686,7.25413982,4,9,8,5,279,23,10,338,46.5940839833,noida.csv,dummy,True
Noida,Grtr. Noida Link Rd.,61.5549021,-6.8050501,2.32384537,10,2,10,55,767,57,8,909,391.1619988726,noida.csv,dummy,True
Noida,Hosiery Complex,-8.0060188,111.4207572,5.195202304,1,9,4,47,570,17,19,667,128.3876855934,noida.csv,dummy,True
Noida,Noida Extension,26.89023,100.233878,5.760781986,7,11,2,61,402,20,16,519,90.0919356541,noida.csv,dummy,True
Noida,Sector-1,23.701262,117.430061,7.808254236,2,20,2,50,253,32,18,377,48.2822393592,noida.csv,dummy,True
Noida,Sector-10,-7.7701645,110.6511592,1.061391876,3,18,5,16,137,12,25,216,203.5063626208,noida.csv,dummy,True
Noida,Sector-100,39.3822864,48.3501725,7.968081027,0,15,7,63,832,37,21,975,122.3632135135,noida.csv,dummy,True
Noida,Sector-100,55.9118986,12.8316075,4.358136695,8,19,3,44,156,48,23,301,69.0662136287,noida.csv,dummy,True
Noida,Sector-101,17.5656036,44.2289441,1.495010012,8,22,3,55,733,52,27,900,602.0026573575,noida.csv,dummy,True
Noida,Sector-102,-32.2002692,26.8115141,7.568295136,4,1,10,75,411,56,4,561,74.1250162578,noida.csv,dummy,True
Noida,Sector-104,-46.805871,-67.9440112,7.046154052,10,8,8,67,283,1,21,398,56.4847145071,noida.csv,dummy,True
Noida,Sector-104,-6.8229172,111.3545546,3.622891937,4,19,3,69,871,20,23,1009,278.5067889261,noida.csv,dummy,True
Noida,Sector-105,50.009103,22.8837844,6.82660721,1,2,9,50,508,33,27,630,92.285960012,noida.csv,dummy,True
Noida,Sector-105,-11.7602273,27.2499749,5.370625346,8,6,7,9,333,10,3,376,70.0104691309,noida.csv,dummy,True
Noida,Sector-106,-21.4649238,-47.0145295,7.606323109,3,13,5,44,514,59,7,645,84.7978702399,noida.csv,dummy,True
Noida,Sector-107,29.654838,91.140552,2.922324019,5,13,6,20,858,9,20,931,318.5820579604,noida.csv,dummy,True
Noida,Sector-107,3.3217785,101.4679893,5.845187137,0,25,4,6,877,44,28,984,168.3436264634,noida.csv,dummy,True
Noida,Sector-108,55.9905778,92.7620647,3.308400664,10,17,8,78,285,8,30,436,131.7857310163,noida.csv,dummy,True
Noida,Sector-11,39.042852,117.318781,2.018420037,3,18,9,76,787,46,25,964,477.6012833448,noida.csv,dummy,True
Noida,Sector-110,14.11684,-86.355797,4.276738978,9,23,4,11,757,2,3,809,189.1628187181,noida.csv,dummy,True
Noida,Sector-110,21.9441032,-79.1604971,6.493185889,3,1,4,40,383,50,8,489,75.3097182738,noida.csv,dummy,True
Noida,Sector-112,50.6657079,18.0732903,4.039649146,7,8,10,13,765,53,11,867,214.6225993063,noida.csv,dummy,True
Noida,Sector-113,-40.9026164,174.9939663,3.455045768,1,15,6,55,729,49,29,884,255.8576815935,noida.csv,dummy,True
Noida,Sector-115,10.527138,122.813931,3.471440909,9,6,7,3,214,24,26,289,83.2507329307,noida.csv,dummy,True
Noida,Sector-116,55.024145,30.8005553,3.679723878,2,10,5,7,741,60,21,846,229.9085551114,noida.csv,dummy,True
Noida,Sector-117,-6.3384977,106.1610343,2.53998115,8,19,2,50,144,50,18,291,114.5677793711,noida.csv,dummy,True
Noida,Sector-118,37.18447,128.46821,1.522832705,2,25,2,35,731,10,30,835,548.3202437526,noida.csv,dummy,True
Noida,Sector-118,59.3138173,14.4937714,1.964212104,9,7,4,19,494,9,14,556,283.0651531307,noida.csv,dummy,True
Noida,Sector-119,41.28102,112.45297,2.06084857,4,30,1,74,292,1,14,416,201.8585965295,noida.csv,dummy,True
Noida,Sector-12,29.72277,106.53519,3.480564561,0,14,9,70,307,38,22,460,132.1624673061,noida.csv,dummy,True
Noida,Sector-120,13.5468199,-15.9839424,5.493785476,2,7,6,38,801,25,3,882,160.5450383625,noida.csv,dummy,True
Noida,Sector-121,32.519246,108.533377,7.820768409,3,16,8,43,461,31,24,586,74.9286987357,noida.csv,dummy,True
Noida,Sector-121,22.8311155,113.2516686,5.692502941,10,27,3,75,593,33,6,747,131.2252286459,noida.csv,dummy,True
Noida,Sector-122,48.1665542,27.6546469,6.608387986,4,10,3,77,662,41,21,818,123.7820784332,noida.csv,dummy,True
Noida,Sector-123,33.6435199,42.8253662,6.632393479,10,29,4,31,481,36,17,608,91.6712800477,noida.csv,dummy,True
Noida,Sector-124,-24.2298687,-65.1737343,7.805158224,8,9,7,24,539,46,27,660,84.5594645309,noida.csv,dummy,True
Noida,Sector-125,38.80549,-9.3277081,3.792709153,4,17,7,60,319,9,10,426,112.3207667171,noida.csv,dummy,True
Noida,Sector-126,-7.3677628,110.1209019,5.208864179,10,9,7,42,892,37,17,1014,194.6681589603,noida.csv,dummy,True
Noida,Sector-127,-9.710143,-35.897056,5.116196786,3,9,7,11,143,14,26,213,41.6324877461,noida.csv,dummy,True
Noida,Sector-128,53.8031587,64.1828536,7.66239143,4,30,10,48,133,48,14,287,37.4556693719,noida.csv,dummy,True
Noida,Sector-128,52.7843212,6.8915145,6.372060303,0,9,10,47,105,32,8,211,33.1133087207,noida.csv,dummy,True
Noida,Sector-129,-8.5083726,115.5672264,7.396324957,4,14,9,58,695,18,5,803,108.5674310781,noida.csv,dummy,True
Noida,Sector-129,39.2363803,-9.264704,6.395505981,9,19,6,8,884,20,23,969,151.5126407322,noida.csv,dummy,True
Noida,Sector-130,25.7564471,-80.2056382,3.35877989,5,12,1,20,868,30,11,947,281.9476211643,noida.csv,dummy,True
Noida,Sector-131,30.352134,114.720925,5.518745413,1,26,7,18,603,10,13,678,122.8540092469,noida.csv,dummy,True
Noida,Sector-132,1.05,118.8,7.423431341,2,2,7,70,372,48,19,520,70.048468978,noida.csv,dummy,True
Noida,Sector-133,62.6243044,26.8277488,3.193039943,7,14,4,44,137,25,27,258,80.8007430554,noida.csv,dummy,True
Noida,Sector-133,51.2701042,16.7076821,2.224722988,7,21,7,65,237,10,12,359,161.3684049369,noida.csv,dummy,True
Noida,Sector-134,0.6812449,34.4212109,4.503399873,2,21,1,72,755,23,9,883,196.0740828932,noida.csv,dummy,True
Noida,Sector-134,52.2254703,6.893632,3.873064856,8,17,10,55,791,20,12,913,235.7306252142,noida.csv,dummy,True
Noida,Sector-135,51.6113555,19.8982345,5.045758166,3,30,8,11,256,29,22,359,71.1488716243,noida.csv,dummy,True
Noida,Sector-135,38.8777496,141.6136391,1.709275669,9,11,1,46,853,44,3,967,565.7367138244,noida.csv,dummy,True
Noida,Sector-136,53.2077345,34.3210714,3.69775634,0,9,10,47,889,34,19,1008,272.597734225,noida.csv,dummy,True
Noida,Sector-137,40.4501529,-7.9700042,2.204700729,3,17,8,44,837,32,18,959,434.9796720188,noida.csv,dummy,True
Noida,Sector-137,36.3573462,25.4459308,5.517317645,0,7,10,9,399,54,20,499,90.4424997992,noida.csv,dummy,True
Noida,Sector-138,4.392095,-75.687434,1.626392632,5,20,10,13,239,59,5,351,215.8150455763,noida.csv,dummy,True
Noida,Sector-14,56.6739933,16.2869539,3.908250504,10,25,5,10,861,30,9,950,243.0755139743,noida.csv,dummy,True
Noida,Sector-14 A,15.08333,-91.71667,2.163913715,5,13,5,3,829,42,10,907,419.1479511003,noida.csv,dummy,True
Noida,Sector-140,-6.9176355,112.4500076,4.196163788,7,16,7,47,505,54,12,648,154.4267651928,noida.csv,dummy,True
Noida,Sector-140 A,38.8665109,115.4841713,6.573018221,4,22,6,53,764,10,13,872,132.6635604347,noida.csv,dummy,True
Noida,Sector-141,-2.4944583,106.3228338,1.851378192,10,17,5,60,124,44,17,277,149.6182688102,noida.csv,dummy,True
Noida,Sector-142,13.447898,22.4649083,6.487452747,3,4,10,48,536,7,28,636,98.0353961413,noida.csv,dummy,True
Noida,Sector-142,-34.6761,-58.5404623,5.891723436,10,16,7,73,140,12,13,271,45.9967279428,noida.csv,dummy,True
Noida,Sector-143,61.2067486,62.8101616,3.973425249,0,4,5,38,487,46,17,597,150.24820214,noida.csv,dummy,True
Noida,Sector-143,53.1387595,-7.0625888,7.170454045,10,30,3,46,111,28,20,248,34.5863732539,noida.csv,dummy,True
Noida,Sector-143 A,46.465362,124.670305,4.717718011,5,19,1,16,810,12,27,890,188.650529329,noida.csv,dummy,True
Noida,Sector-143 B,43.4088284,16.9139651,5.063619291,8,11,6,10,731,15,18,799,157.7922734871,noida.csv,dummy,True
Noida,Sector-144,59.9050895,10.7673005,2.614850594,6,19,4,70,337,37,19,492,188.1560656387,noida.csv,dummy,True
Noida,Sector-145,50.9427305,39.4789854,6.14928414,8,3,1,60,601,27,5,705,114.6474913095,noida.csv,dummy,True
Noida,Sector-146,-7.8880228,114.2152731,3.250108055,0,19,9,51,379,36,21,515,158.4562701562,noida.csv,dummy,True
Noida,Sector-147,-11.9019296,-76.6658165,6.197766403,5,15,8,62,229,47,9,375,60.5056685935,noida.csv,dummy,True
Noida,Sector-148,50.7911439,15.0266516,6.747416725,3,4,8,29,125,26,26,221,32.753275662,noida.csv,dummy,True
Noida,Sector-149,-17.566223,-63.2238376,4.915219169,5,22,3,29,840,4,22,925,188.1909978367,noida.csv,dummy,True
Noida,Sector-15,-7.0353,113.9564,4.625860736,10,14,5,14,489,48,29,609,131.6511747231,noida.csv,dummy,True
Noida,Sector-15 A,-8.9837384,125.2203419,6.918828007,10,8,2,51,517,13,29,630,91.0558839391,noida.csv,dummy,True
Noida,Sector-150,9.7639,14.1539,4.187535223,9,25,5,6,706,37,26,814,194.3864246273,noida.csv,dummy,True
Noida,Sector-150,39.7537438,46.7464755,5.966209688,5,14,10,59,721,38,5,852,142.8042332662,noida.csv,dummy,True
Noida,Sector-151,28.002198,116.299392,2.951871635,4,23,2,77,586,19,27,738,250.0108714924,noida.csv,dummy,True
Noida,Sector-151,40.255866,113.140004,3.409452125,8,16,4,23,126,34,27,238,69.8059369289,noida.csv,dummy,True
Noida,Sector-152,61.1035855,23.179484,3.342473199,7,26,5,62,449,48,22,619,185.1922104223,noida.csv,dummy,True
Noida,Sector-152,6.6746161,-3.9725378,7.821438894,3,1,9,39,258,11,15,336,42.9588474133,noida.csv,dummy,True
Noida,Sector-153,6.6904032,122.0183229,3.993852744,4,10,4,78,285,18,11,410,102.6577658918,noida.csv,dummy,True
Noida,Sector-154,-19.8730077,47.0291162,4.994265185,8,25,10,16,645,1,26,731,146.3678785411,noida.csv,dummy,True
Noida,Sector-155,32.8904175,13.2306332,6.139890428,0,23,7,12,344,40,14,440,71.6625166458,noida.csv,dummy,True
Noida,Sector-156,-33.453544,-61.486922,7.234931431,2,22,6,78,578,34,6,726,100.3464935257,noida.csv,dummy,True
Noida,Sector-157,-23.668163,-46.4617086,5.932925878,1,11,3,80,837,39,26,997,168.04524791,noida.csv,dummy,True
Noida,Sector-158,49.909141,19.6159543,4.366395839,1,27,8,9,132,24,20,221,50.6138261735,noida.csv,dummy,True
Noida,Sector-159,49.2626871,30.830724,5.239173933,10,13,9,51,764,52,27,926,176.7454205266,noida.csv,dummy,True
Noida,Sector-16,40.9314367,20.0032794,7.447929405,2,10,5,42,418,35,26,538,72.2348414901,noida.csv,dummy,True
Noida,Sector-16 A,14.7634494,49.6044141,5.876228757,7,22,1,35,448,58,22,593,100.9150638143,noida.csv,dummy,True
Noida,Sector-16 B,49.4940668,18.0992378,4.881935106,6,10,2,76,138,10,18,260,53.2575698682,noida.csv,dummy,True
Noida,Sector-160,-4.436417,119.6499162,7.413584384,6,1,6,26,420,14,9,482,65.0157838684,noida.csv,dummy,True
Noida,Sector-161,31.9339724,118.670339,1.311867753,6,4,4,33,462,5,3,517,394.0946020037,noida.csv,dummy,True
Noida,Sector-162,19.3579802,-99.0806088,4.12740656,5,5,6,25,246,46,14,347,84.0721637076,noida.csv,dummy,True
Noida,Sector-163,48.9467896,2.257134,3.492406488,8,24,5,19,649,37,1,743,212.7472854471,noida.csv,dummy,True
Noida,Sector-164,52.78345,-67.08204,3.234962623,0,20,9,19,468,29,2,547,169.0900525746,noida.csv,dummy,True
Noida,Sector-165,14.6004472,121.030802,6.00938776,6,2,9,27,738,36,26,844,140.4469196709,noida.csv,dummy,True
Noida,Sector-166,10.142762,-85.454983,5.160370083,2,7,6,62,679,24,16,796,154.2525026688,noida.csv,dummy,True
Noida,Sector-167,-24.7057037,33.8801952,6.27570215,3,9,1,74,734,49,29,899,143.2509030085,noida.csv,dummy,True
Noida,Sector-167 B,38.5796262,141.2777515,7.724053325,5,27,6,19,318,58,4,437,56.5765125657,noida.csv,dummy,True
Noida,Sector-168,-29.4933611,-63.6964035,6.15558551,3,8,9,3,217,57,11,308,50.0358575963,noida.csv,dummy,True
Noida,Sector-168,43.4120877,17.2134482,3.193019006,2,7,10,10,758,60,6,853,267.1452936538,noida.csv,dummy,True
Noida,Sector-17,59.3687545,17.9778073,1.73866062,0,4,4,40,634,60,14,756,434.8174631113,noida.csv,dummy,True
Noida,Sector-18,36.608183,101.808485,5.597944541,6,7,3,66,723,3,2,810,144.695967255,noida.csv,dummy,True
Noida,Sector-19,46.9691061,54.0068191,7.658775189,0,13,4,25,432,55,22,551,71.9436184511,noida.csv,dummy,True
Noida,Sector-2,-23.510329,-47.5632863,3.323452348,7,16,6,66,124,33,15,267,80.3381460127,noida.csv,dummy,True
Noida,Sector-20,7.5909302,-80.365865,4.617783358,2,23,5,4,551,58,6,649,140.5436222719,noida.csv,dummy,True
Noida,Sector-21,56.2835999,44.0036677,1.422080073,6,24,9,38,692,9,12,790,555.5242739134,noida.csv,dummy,True
Noida,Sector-22,10.4113797,107.136224,6.941597953,5,15,1,6,622,46,9,704,101.4175705315,noida.csv,dummy,True
Noida,Sector-23,26.751281,116.19359,5.56636105,7,27,3,73,645,28,25,808,145.1576699287,noida.csv,dummy,True
Noida,Sector-24,43.6121586,3.8626074,1.633132178,4,29,8,66,391,39,23,560,342.8993730843,noida.csv,dummy,True
Noida,Sector-25,21.853708,106.761519,1.178634583,9,29,6,7,516,26,10,603,511.6089487763,noida.csv,dummy,True
Noida,Sector-25 A,33.613239,-4.191742,3.663936095,1,13,10,12,417,46,8,507,138.3757759017,noida.csv,dummy,True
Noida,Sector-26,38.895126,117.005412,3.242477433,3,19,8,47,864,27,10,978,301.6212202579,noida.csv,dummy,True
Noida,Sector-27,-8.694019,116.5226451,6.225123876,5,28,7,61,346,17,20,484,77.7494568206,noida.csv,dummy,True
Noida,Sector-28,58.0767446,11.8416522,4.617317337,5,17,2,40,302,35,23,424,91.8282130194,noida.csv,dummy,True
Noida,Sector-29,44.0427429,44.549842,2.044539074,6,30,3,38,229,6,2,314,153.5798478949,noida.csv,dummy,True
Noida,Sector-3,39.7546452,-8.5234076,6.307381063,10,6,7,44,272,44,6,389,61.6737749178,noida.csv,dummy,True
Noida,Sector-30,14.5001422,121.0394028,7.051850165,3,2,5,66,746,7,6,835,118.4086417695,noida.csv,dummy,True
Noida,Sector-31,41.0285386,72.7392711,4.799281523,1,1,9,9,850,60,15,945,196.9044731948,noida.csv,dummy,True
Noida,Sector-32,19.318366,109.948275,2.332477033,10,7,7,76,628,6,26,760,325.8338621335,noida.csv,dummy,True
Noida,Sector-33,22.000143,100.771678,2.131422138,1,10,4,49,818,9,15,906,425.0683071398,noida.csv,dummy,True
Noida,Sector-34,12.5350875,124.7907837,1.582300399,2,21,3,18,338,17,27,426,269.2282706048,noida.csv,dummy,True
Noida,Sector-35,45.5080397,-73.564543,3.851556958,0,30,6,40,727,48,13,864,224.3248663908,noida.csv,dummy,True
Noida,Sector-36,37.6453583,139.8670624,7.059539032,7,18,4,9,688,43,26,795,112.6135851642,noida.csv,dummy,True
Noida,Sector-37,57.5780197,48.9602971,7.910773881,9,28,5,52,456,57,14,621,78.5005372852,noida.csv,dummy,True
Noida,Sector-38,-31.7436794,-65.0052144,6.355711121,2,15,4,67,836,38,3,965,151.8319479329,noida.csv,dummy,True
Noida,Sector-39,56.8858071,59.8921899,4.850365142,0,3,6,29,691,14,17,760,156.6892342638,noida.csv,dummy,True
Noida,Sector-4,28.564921,93.419886,4.070902242,9,6,8,37,466,59,22,607,149.1069949402,noida.csv,dummy,True
Noida,Sector-40,-10.7246,123.0979,4.701485113,5,16,9,19,713,40,26,828,176.1145638238,noida.csv,dummy,True
Noida,Sector-41,30.671701,-96.3438274,4.714346789,6,12,5,29,481,46,11,590,125.1498938043,noida.csv,dummy,True
Noida,Sector-42,56.4177803,21.8525134,3.926752825,8,17,10,54,702,24,30,845,215.1905245016,noida.csv,dummy,True
Noida,Sector-43,14.1386669,-90.0034929,4.013538554,8,10,9,40,780,23,7,877,218.5104212157,noida.csv,dummy,True
Noida,Sector-44,46.60873,-81.20763,5.996324095,1,7,10,67,219,16,8,328,54.7001787768,noida.csv,dummy,True
Noida,Sector-45,-20.0859007,-45.2957103,3.193604433,6,24,4,71,867,44,13,1029,322.2064665765,noida.csv,dummy,True
Noida,Sector-46,48.455754,-123.3599687,2.304768205,6,15,3,39,437,12,7,519,225.1853348524,noida.csv,dummy,True
Noida,Sector-47,24.034527,112.047639,5.512797135,9,24,2,80,498,50,6,669,121.3540029893,noida.csv,dummy,True
Noida,Sector-48,58.9670963,5.7318798,3.465143725,0,18,10,27,794,29,17,895,258.2865448099,noida.csv,dummy,True
Noida,Sector-49,69.0474473,33.2898473,5.395667903,2,3,3,42,343,40,6,439,81.3615678155,noida.csv,dummy,True
Noida,Sector-5,14.9941724,-90.8072101,1.164259671,9,23,7,21,799,4,13,876,752.4094682826,noida.csv,dummy,True
Noida,Sector-50,29.8812097,80.7657804,5.603919695,10,7,10,52,898,51,29,1057,188.6179776886,noida.csv,dummy,True
Noida,Sector-51,-33.7309374,-70.7423218,5.54506505,3,22,8,60,494,7,23,617,111.2701103479,noida.csv,dummy,True
Noida,Sector-52,-0.4165288,31.3998995,6.537309079,0,6,9,33,502,33,9,592,90.5571379364,noida.csv,dummy,True
Noida,Sector-53,-7.6435908,111.3754214,2.880913204,10,30,9,60,102,15,12,238,82.6126936659,noida.csv,dummy,True
Noida,Sector-55,-12.6654745,-38.5900375,4.18617671,1,17,4,38,644,26,5,735,175.5778723445,noida.csv,dummy,True
Noida,Sector-56,-7.4720926,108.6324073,5.362255082,3,22,10,5,141,27,10,218,40.6545374411,noida.csv,dummy,True
Noida,Sector-57,9.97788,-84.762933,4.779094618,4,24,8,42,877,45,12,1012,211.7555898953,noida.csv,dummy,True
Noida,Sector-58,49.5671764,17.4114814,6.441343165,9,25,4,66,725,20,4,853,132.4257966312,noida.csv,dummy,True
Noida,Sector-59,49.1184617,26.3361413,4.206699625,0,4,1,9,879,24,2,919,218.4610459322,noida.csv,dummy,True
Noida,Sector-6,35.1541677,37.2089056,4.987039204,3,23,4,48,310,32,24,444,89.0307819605,noida.csv,dummy,True
Noida,Sector-60,31.2393596,-8.3143192,3.569378443,3,16,7,58,418,6,1,509,142.6018585948,noida.csv,dummy,True
Noida,Sector-61,-3.2023658,-45.0373171,2.251648968,1,24,5,73,698,5,25,831,369.0628565154,noida.csv,dummy,True
Noida,Sector-62,28.2279,118.036796,4.256643426,10,30,9,64,748,38,1,900,211.4342005963,noida.csv,dummy,True
Noida,Sector-62 A,-6.9278214,108.3474974,1.407744715,2,9,3,24,446,40,5,529,375.7783597859,noida.csv,dummy,True
Noida,Sector-63,-12.3625094,-76.2272716,5.830940048,6,22,9,36,347,5,3,428,73.4015435722,noida.csv,dummy,True
Noida,Sector-64,44.9263486,2.4396467,7.19469636,3,5,6,2,269,56,5,346,48.0909801731,noida.csv,dummy,True
Noida,Sector-65,-2.8429633,33.0817144,2.355946579,3,3,1,64,120,24,16,231,98.0497614246,noida.csv,dummy,True
Noida,Sector-66,47.854132,-0.607106,7.831553139,8,16,4,64,102,36,18,248,31.6667710221,noida.csv,dummy,True
Noida,Sector-67,-5.3629365,39.6526462,2.104588511,1,10,3,30,574,37,18,673,319.7774750183,noida.csv,dummy,True
Noida,Sector-68,23.9179637,120.6775054,3.562564596,6,2,8,5,734,3,17,775,217.5399151696,noida.csv,dummy,True
Noida,Sector-69,23.131797,113.407143,5.404791208,1,10,6,45,273,4,17,356,65.867484293,noida.csv,dummy,True
Noida,Sector-7,35.5205669,133.1274711,7.965106929,10,15,9,41,275,43,8,401,50.3445846458,noida.csv,dummy,True
Noida,Sector-70,42.079279,-8.4835185,6.809961139,6,1,10,43,532,32,18,642,94.2736657223,noida.csv,dummy,True
Noida,Sector-71,26.715349,113.271114,7.866287026,3,22,1,42,686,50,1,805,102.3354471225,noida.csv,dummy,True
Noida,Sector-72,41.3910706,23.200121,1.493983954,5,2,3,8,897,19,12,946,633.2062653465,noida.csv,dummy,True
Noida,Sector-73,32.6963741,128.841093,5.813837821,2,17,8,67,752,38,1,885,152.2230284449,noida.csv,dummy,True
Noida,Sector-74,42.5246357,87.5395855,7.555281639,2,1,8,54,845,51,29,990,131.0341622329,noida.csv,dummy,True
Noida,Sector-75,1.1706966,33.7098569,1.843379524,2,7,4,49,753,7,18,840,455.6847838785,noida.csv,dummy,True
Noida,Sector-76,35.9676772,126.7366293,1.498721345,2,17,6,40,150,48,14,277,184.8242176066,noida.csv,dummy,True
Noida,Sector-77,-14.68055,-69.534882,5.08017034,1,23,2,31,297,45,19,418,82.2807055718,noida.csv,dummy,True
Noida,Sector-78,19.4102526,-99.0073673,3.681803645,5,20,8,67,377,7,2,486,132.0005211739,noida.csv,dummy,True
Noida,Sector-79,40.6998888,-73.8076421,2.283545871,8,20,7,60,829,53,23,1000,437.9154422513,noida.csv,dummy,True
Noida,Sector-8,13.434798,123.1899735,7.730612301,9,26,4,68,412,3,17,539,69.7228083641,noida.csv,dummy,True
Noida,Sector-80,43.0138941,59.3627834,7.011694861,6,9,4,48,705,34,22,828,118.0884246126,noida.csv,dummy,True
Noida,Sector-81,13.7362437,124.1066725,3.004394632,8,3,4,47,280,25,21,388,129.1441529909,noida.csv,dummy,True
Noida,Sector-82,37.1029277,-8.0989597,3.352262802,9,6,8,25,777,40,17,882,263.1058637389,noida.csv,dummy,True
Noida,Sector-83,38.7777943,-9.2518104,1.385263359,3,1,10,44,406,12,10,486,350.8358153289,noida.csv,dummy,True
Noida,Sector-84,53.8653,30.5597,7.642222784,5,21,4,58,217,53,17,375,49.0694933397,noida.csv,dummy,True
Noida,Sector-85,39.9929963,116.4690641,4.547342982,1,20,2,56,625,50,29,783,172.1884632629,noida.csv,dummy,True
Noida,Sector-86,9.0965232,123.1989242,3.742546772,0,25,6,22,863,43,21,980,261.8537749032,noida.csv,dummy,True
Noida,Sector-87,54.2732308,32.014211,7.702685118,10,26,9,9,630,12,18,714,92.6949484578,noida.csv,dummy,True
Noida,Sector-88,39.7537438,46.7464755,4.175977978,8,24,8,69,626,34,10,779,186.543129323,noida.csv,dummy,True
Noida,Sector-89,10.108752,123.2710674,6.378604701,4,2,8,46,800,56,5,921,144.3889444749,noida.csv,dummy,True
Noida,Sector-9,-23.2987827,-45.9662542,6.542466083,5,16,1,10,888,21,1,942,143.9824048072,noida.csv,dummy,True
Noida,Sector-90,-6.985714,110.431156,6.725204795,5,24,5,71,323,60,30,518,77.0236767191,noida.csv,dummy,True
Noida,Sector-91,-6.8008183,107.1781769,2.430828624,0,26,2,10,724,47,13,822,338.1562944768,noida.csv,dummy,True
Noida,Sector-92,51.40698,91.29244,7.595800227,6,18,3,49,551,46,15,688,90.5763684456,noida.csv,dummy,True
Noida,Sector-93 A,49.6666528,-103.8451959,6.309648949,10,18,4,17,660,54,22,785,124.4126268109,noida.csv,dummy,True
Noida,Sector-93 B,11.1856085,124.9202302,3.339011411,8,17,2,68,323,2,19,439,131.476040649,noida.csv,dummy,True
Noida,Sector-94,30.978349,107.980213,6.901830408,7,22,3,51,415,33,6,537,77.8054469982,noida.csv,dummy,True
Noida,Sector-94 A,28.73733,118.626991,1.60068278,6,18,4,13,309,36,19,405,253.017028146,noida.csv,dummy,True
Noida,Sector-95,59.4369608,24.7535747,2.852970382,10,19,6,75,417,17,11,555,194.5340910307,noida.csv,dummy,True
Noida,Sector-96,7.1801552,79.8842521,7.95610929,3,25,1,3,289,42,24,387,48.641865753,noida.csv,dummy,True
Noida,Sector-97,40.6108358,43.1000425,6.54563409,4,22,7,51,447,12,25,568,86.7753974925,noida.csv,dummy,True
Noida,Sector-98,49.8529322,14.7029932,7.214952774,3,28,6,46,376,20,1,480,66.5285019924,noida.csv,dummy,True
Noida,Sector-99,-35.5364676,-71.4893705,6.755251316,6,13,8,46,475,42,16,606,89.7079874089,noida.csv,dummy,True
Noida,Sorkha,47.498123,33.9169021,5.289964824,2,29,1,73,651,60,29,845,159.7364118881,noida.csv,dummy,True
Gurgaon,Ashok Vihar Ph. II,-5.5775197,12.1927103,7.615220742,4,22,1,5,474,47,7,560,73.5369359566,gurgaon.csv,dummy,True
Gurgaon,Ashok Vihar Ph. III,54.0481202,22.2939742,4.905391965,9,9,6,44,290,25,17,400,81.5429231454,gurgaon.csv,dummy,True
Gurgaon,Bhondsi,36.13521,107.382043,1.321636837,10,16,9,25,402,40,21,523,395.7214155646,gurgaon.csv,dummy,True
Gurgaon,Bissar Akbarpur,-35.7549893,174.2077912,1.222541653,6,17,7,62,755,47,21,915,748.4407568075,gurgaon.csv,dummy,True
Gurgaon,Budhera,43.475292,43.61997,6.952969091,2,23,6,65,215,44,9,364,52.3517356738,gurgaon.csv,dummy,True
Gurgaon,Choma,51.9601912,7.5468477,3.116521605,9,15,1,45,813,12,24,919,294.8800350126,gurgaon.csv,dummy,True
Gurgaon,Civil Lines,25.66145,114.765412,1.621146091,8,9,9,48,629,27,10,740,456.4671895446,gurgaon.csv,dummy,True
Gurgaon,DLF Phase 1,-19.0153937,-65.5366243,4.28559276,0,22,9,41,149,57,24,302,70.4686648761,gurgaon.csv,dummy,True
Gurgaon,DLF Phase 2,24.4752847,101.3431058,2.457811476,6,24,6,34,756,18,18,862,350.7185186566,gurgaon.csv,dummy,True
Gurgaon,DLF Phase 3,37.489877,117.509921,5.743700166,8,19,5,30,679,47,11,799,139.1089327277,gurgaon.csv,dummy,True
Gurgaon,DLF Phase 4,44.5597467,16.7228288,5.822627041,9,23,5,72,229,34,27,399,68.5257697583,gurgaon.csv,dummy,True
Gurgaon,DLF Phase 5,23.12911,113.264385,5.368441853,5,1,7,21,205,2,6,247,46.0096256537,gurgaon.csv,dummy,True
Gurgaon,Dwarka Exprsswy,-5.0395725,-42.8036388,1.740984959,8,16,9,9,586,36,5,669,384.2652382157,gurgaon.csv,dummy,True
Gurgaon,Farukh Nagar,-29.3652193,-51.9580164,1.086880943,1,6,9,80,193,59,9,357,328.4628388226,gurgaon.csv,dummy,True
Gurgaon,Garhi Harsaru,-6.8482297,106.6802549,6.789984653,1,20,1,28,662,20,8,740,108.9840460351,gurgaon.csv,dummy,True
Gurgaon,Ggn-Fbd Road,39.999174,118.701144,6.436443417,10,28,10,77,458,46,21,650,100.9874487956,gurgaon.csv,dummy,True
Gurgaon,Golf Course Extn,-12.0575891,-76.9423651,3.853957788,1,29,7,72,340,19,18,486,126.1041315796,gurgaon.csv,dummy,True
Gurgaon,Golf Course Road,13.648096,16.493598,6.624647945,2,29,9,34,175,30,4,283,42.7192512492,gurgaon.csv,dummy,True
Gurgaon,Gwal Pahari,27.483293,120.562211,5.762563408,5,1,5,51,530,20,6,618,107.243939241,gurgaon.csv,dummy,True
Gurgaon,Jhajjar Road,43.6422125,-79.3744257,1.995058774,4,6,10,3,371,24,4,422,211.5225904618,gurgaon.csv,dummy,True
Gurgaon,Jyoti Park,-11.9148486,43.4969735,4.363468315,10,25,5,40,332,50,19,481,110.2334118817,gurgaon.csv,dummy,True
Gurgaon,Khandsa Road,40.4749958,22.9587865,1.736308278,3,17,10,62,527,17,21,657,378.3890270665,gurgaon.csv,dummy,True
Gurgaon,Krishna Colony,-12.8490559,45.1394745,7.046597649,4,19,5,77,776,24,12,917,130.1337249091,gurgaon.csv,dummy,True
Gurgaon,Manesar,5.0377396,7.9127945,5.609034045,1,24,3,65,784,41,18,936,166.8736528412,gurgaon.csv,dummy,True
Gurgaon,Mankrola,53.231395,-6.124065,7.693027509,3,3,10,47,204,42,12,321,41.7260954318,gurgaon.csv,dummy,True
Gurgaon,Maruti Kunj,7.7734885,99.6230001,4.248161111,0,15,3,70,883,2,12,985,231.8650291886,gurgaon.csv,dummy,True
Gurgaon,MG Road,22.517585,113.39277,4.618563355,2,8,2,62,819,42,16,951,205.9081854903,gurgaon.csv,dummy,True
Gurgaon,New Colony,53.63918,15.62129,1.082848556,0,11,3,32,538,57,13,654,603.9625729528,gurgaon.csv,dummy,True
Gurgaon,New Gurgaon,-8.0806,111.7084,4.099791475,5,5,5,9,661,53,8,746,181.9604739775,gurgaon.csv,dummy,True
Gurgaon,NH 8,38.253338,109.503758,6.221654621,1,29,3,44,230,48,12,367,58.9875237949,gurgaon.csv,dummy,True
Gurgaon,Nirvana Country,-6.6409658,106.8030892,7.990159543,6,29,6,56,453,1,8,559,69.9610560955,gurgaon.csv,dummy,True
Gurgaon,Palam Vihar,53.7131425,-111.743338,2.140527868,7,26,3,16,222,41,14,329,153.7004048947,gurgaon.csv,dummy,True
Gurgaon,Palam Vihar Extn,23.913205,116.464983,2.713599222,8,16,4,33,343,33,2,439,161.7777586465,gurgaon.csv,dummy,True
Gurgaon,Pataudi,-4.0438672,144.0711745,4.698606313,3,13,7,63,717,34,24,861,183.2458270909,gurgaon.csv,dummy,True
Gurgaon,Patel Nagar,30.1942963,120.1148934,3.166203552,8,20,5,61,121,41,29,285,90.0131641315,gurgaon.csv,dummy,True
Gurgaon,Rajendra Park,41.0716946,-8.0890423,5.68960067,0,27,5,53,286,43,9,423,74.3461667232,gurgaon.csv,dummy,True
Gurgaon,Sector 67 A,42.4385891,-8.5995773,6.514051147,7,16,8,41,221,60,15,368,56.4932622872,gurgaon.csv,dummy,True
Gurgaon,Sector M-1,-7.7090989,109.6922026,1.316783142,4,18,6,24,343,42,29,466,353.8927444744,gurgaon.csv,dummy,True
Gurgaon,Sector M-1 A,28.570101,115.797775,7.469002905,2,3,8,8,844,45,15,925,123.8451787695,gurgaon.csv,dummy,True
Gurgaon,Sector M-1 B,41.2479207,-8.3626963,5.266931246,6,12,4,48,755,50,20,895,169.9281722502,gurgaon.csv,dummy,True
Gurgaon,Sector M-1 C,-7.5208,108.6747,2.384966956,0,10,2,42,126,25,18,223,93.5023436861,gurgaon.csv,dummy,True
Gurgaon,Sector M-10,26.7831243,85.2774207,7.39225181,1,8,3,9,721,60,22,824,111.4680642893,gurgaon.csv,dummy,True
Gurgaon,Sector M-11,24.364134,114.562955,5.02763972,9,8,8,14,314,45,21,419,83.339304989,gurgaon.csv,dummy,True
Gurgaon,Sector M-12,-24.2670414,-52.7241914,3.536031324,9,24,10,62,764,54,26,949,268.3799754711,gurgaon.csv,dummy,True
Gurgaon,Sector M-13,54.8539133,38.5734956,6.610631446,4,13,7,55,158,55,9,301,45.5327153629,gurgaon.csv,dummy,True
Gurgaon,Sector M-14,-14.4861733,35.253304,4.103889903,4,28,1,73,456,21,16,599,145.9590813004,gurgaon.csv,dummy,True
Gurgaon,Sector M-15,38.2956138,140.9969841,7.808259561,1,4,3,5,170,6,25,214,27.4068757997,gurgaon.csv,dummy,True
Gurgaon,Sector M-16,41.5728211,23.7282719,3.457028961,5,2,4,67,214,12,28,332,96.0362217804,gurgaon.csv,dummy,True
Gurgaon,Sector M-1D,-7.0511949,111.2517127,2.754782649,3,11,5,27,581,29,27,683,247.9324458675,gurgaon.csv,dummy,True
Gurgaon,Sector M-3,67.6107356,33.6724007,4.817510524,8,2,7,16,754,57,15,859,178.3078616478,gurgaon.csv,dummy,True
Gurgaon,Sector M-4,-4.1393386,39.3180297,3.929521639,1,19,5,31,367,1,20,444,112.9908525235,gurgaon.csv,dummy,True
Gurgaon,Sector M-5,53.3723602,-0.7009333,6.437123358,7,8,5,47,277,50,10,404,62.7609535396,gurgaon.csv,dummy,True
Gurgaon,Sector M-6,-0.7771138,34.9458389,1.030056356,5,12,3,42,853,34,5,954,926.1629176336,gurgaon.csv,dummy,True
Gurgaon,Sector M-7,14.740281,-91.2062,5.466157877,5,26,8,7,415,16,9,486,88.9107140584,gurgaon.csv,dummy,True
Gurgaon,Sector M-8,30.311056,112.255583,1.550112645,2,5,4,41,266,31,27,376,242.5630170896,gurgaon.csv,dummy,True
Gurgaon,Sector M-9,55.9180886,39.1784374,2.666383282,3,30,6,40,485,59,7,630,236.2751087786,gurgaon.csv,dummy,True
Gurgaon,Sector-1,13.83446,44.11469,6.425665185,2,9,5,79,664,48,25,832,129.4807581855,gurgaon.csv,dummy,True
Gurgaon,Sector-10,43.5963366,5.4044268,5.732461073,0,28,1,77,564,53,22,745,129.9616326239,gurgaon.csv,dummy,True
Gurgaon,Sector-10 A,29.998435,101.957145,5.066572189,7,27,2,44,480,56,25,641,126.5155170179,gurgaon.csv,dummy,True
Gurgaon,Sector-100,1.386973,173.138978,6.178579167,4,5,1,30,891,18,21,970,156.9940230241,gurgaon.csv,dummy,True
Gurgaon,Sector-101,18.6642304,105.7556564,3.940216036,10,3,10,37,113,49,4,226,57.3572611083,gurgaon.csv,dummy,True
Gurgaon,Sector-102,42.891255,129.508945,2.43838653,9,18,4,9,267,36,8,351,143.9476455769,gurgaon.csv,dummy,True
Gurgaon,Sector-103,31.23285,121.467218,1.518900125,4,5,1,40,714,39,19,822,541.181073377,gurgaon.csv,dummy,True
Gurgaon,Sector-103 A,14.7596318,121.0589081,6.655839754,8,29,4,39,729,13,13,835,125.4537415054,gurgaon.csv,dummy,True
Gurgaon,Sector-104,35.00394,104.634983,2.729320151,10,22,1,22,459,18,6,538,197.1186853264,gurgaon.csv,dummy,True
Gurgaon,Sector-105,22.7675252,104.1059408,5.362755692,3,19,3,38,176,17,30,286,53.3307904417,gurgaon.csv,dummy,True
Gurgaon,Sector-106,-26.4912117,29.2335299,6.382085846,7,23,7,32,558,9,29,665,104.1979089668,gurgaon.csv,dummy,True
Gurgaon,Sector-107,33.6716082,61.9813913,3.595100765,10,10,9,37,847,57,7,977,271.7587249602,gurgaon.csv,dummy,True
Gurgaon,Sector-108,50.5032152,14.2856356,7.549268636,6,5,2,58,407,39,26,543,71.9274973751,gurgaon.csv,dummy,True
Gurgaon,Sector-109,38.8974019,-77.0262531,2.104885138,7,30,9,80,516,49,27,718,341.1112497484,gurgaon.csv,dummy,True
Gurgaon,Sector-11,-21.1393418,-175.204947,5.612624371,6,18,8,39,254,30,6,361,64.3192874024,gurgaon.csv,dummy,True
Gurgaon,Sector-110,47.2495437,107.5408308,6.899512388,0,9,6,45,311,33,12,416,60.2941159615,gurgaon.csv,dummy,True
Gurgaon,Sector-110 A,49.3420066,18.2596537,1.337085168,4,20,2,28,694,55,20,823,615.5180086479,gurgaon.csv,dummy,True
Gurgaon,Sector-111,28.3740107,121.3749642,4.962465926,8,29,4,7,198,37,21,304,61.2598664723,gurgaon.csv,dummy,True
Gurgaon,Sector-112,36.6425079,127.4954241,2.829362056,4,19,1,64,471,9,7,575,203.2260236122,gurgaon.csv,dummy,True
Gurgaon,Sector-113,32.165,108.8822222,4.654252272,9,28,3,17,363,24,22,466,100.1234941225,gurgaon.csv,dummy,True
Gurgaon,Sector-114,40.4501529,-7.9700042,5.981274351,1,20,2,24,282,10,3,342,57.1784505994,gurgaon.csv,dummy,True
Gurgaon,Sector-115,44.1498975,-81.0202533,4.122551485,5,26,9,48,545,45,1,679,164.7038254029,gurgaon.csv,dummy,True
Gurgaon,Sector-12,-6.927607,107.663944,6.674211531,7,10,1,12,517,49,25,621,93.0446985559,gurgaon.csv,dummy,True
Gurgaon,Sector-12 A,52.2795871,104.3213093,5.72830778,8,25,1,35,169,10,17,265,46.2614807335,gurgaon.csv,dummy,True
Gurgaon,Sector-13,50.0588756,23.9736471,4.694099949,8,24,3,27,184,15,16,277,59.0102475468,gurgaon.csv,dummy,True
Gurgaon,Sector-14,14.4819896,120.9807211,5.762756117,7,27,4,46,732,44,30,890,154.4399905064,gurgaon.csv,dummy,True
Gurgaon,Sector-15,-8.0936589,112.1107297,1.625465402,4,26,6,71,501,8,14,630,387.5813039298,gurgaon.csv,dummy,True
Gurgaon,Sector-16,-9.7732,123.8661,5.538089822,0,30,5,18,291,11,15,370,66.8100395429,gurgaon.csv,dummy,True
Gurgaon,Sector-17,0.663325,103.4569571,7.61098321,3,3,8,46,127,14,19,220,28.9055952339,gurgaon.csv,dummy,True
Gurgaon,Sector-18,64.0971015,26.330507,7.345033838,0,4,6,37,853,7,4,911,124.0293809522,gurgaon.csv,dummy,True
Gurgaon,Sector-19,24.018269,114.987268,6.860424589,1,18,10,26,121,39,21,236,34.4002032146,gurgaon.csv,dummy,True
Gurgaon,Sector-2,29.86548,116.328879,2.685631896,4,19,10,3,204,57,22,319,118.7802395686,gurgaon.csv,dummy,True
Gurgaon,Sector-20,-3.7836515,136.7865516,3.126496986,9,13,8,12,317,11,25,395,126.339478902,gurgaon.csv,dummy,True
Gurgaon,Sector-21,30.674362,107.803911,1.457798245,3,11,4,55,177,24,23,297,203.7318956986,gurgaon.csv,dummy,True
Gurgaon,Sector-22,36.15,-96.0,5.263074233,4,26,7,5,449,33,14,538,102.2216248874,gurgaon.csv,dummy,True
Gurgaon,Sector-23,38.7360496,-9.1418159,2.821314318,8,28,5,44,214,46,9,354,125.4734354629,gurgaon.csv,dummy,True
Gurgaon,Sector-23 A,30.63963,114.385538,2.915982872,6,26,5,62,790,46,25,960,329.2200407685,gurgaon.csv,dummy,True
Gurgaon,Sector-24,13.2375414,-14.1959978,5.418632324,3,3,6,22,225,13,15,287,52.9653947416,gurgaon.csv,dummy,True
Gurgaon,Sector-25,15.04538,120.671684,5.613004916,2,7,1,1,254,17,11,293,52.2002037028,gurgaon.csv,dummy,True
Gurgaon,Sector-26,32.08543,35.33005,2.339920923,2,12,1,5,853,15,27,915,391.0388556323,gurgaon.csv,dummy,True
Gurgaon,Sector-26 A,-21.4261129,-45.9481612,1.748313269,9,10,2,24,792,38,4,879,502.7703075792,gurgaon.csv,dummy,True
Gurgaon,Sector-27,37.2374847,-121.8277925,4.458296556,4,3,7,59,458,39,14,584,130.9917347723,gurgaon.csv,dummy,True
Gurgaon,Sector-28,36.995188,110.613177,3.931410948,9,24,8,48,875,6,10,980,249.2743732371,gurgaon.csv,dummy,True
Gurgaon,Sector-29,53.3582341,-6.4496384,2.282098403,6,23,10,61,868,56,14,1038,454.8445407242,gurgaon.csv,dummy,True
Gurgaon,Sector-3,45.19045,33.366867,5.054476212,2,28,3,20,637,59,5,754,149.1747054245,gurgaon.csv,dummy,True
Gurgaon,Sector-3 A,33.6450129,133.4789243,5.848318682,8,27,10,60,725,22,17,869,148.589713942,gurgaon.csv,dummy,True
Gurgaon,Sector-30,30.574474,103.923651,4.33835809,9,4,3,68,510,54,21,669,154.2058046204,gurgaon.csv,dummy,True
Gurgaon,Sector-31,23.7247599,108.8076195,1.019896534,7,21,9,28,588,9,19,681,667.7147899789,gurgaon.csv,dummy,True
Gurgaon,Sector-32,25.052896,101.53771,6.827895589,10,7,3,62,674,24,17,797,116.7270339172,gurgaon.csv,dummy,True
Gurgaon,Sector-33,31.036218,120.921726,4.123501614,10,22,7,68,833,55,29,1024,248.3326298511,gurgaon.csv,dummy,True
Gurgaon,Sector-34,48.819324,2.394771,6.459414042,8,14,8,48,719,54,11,862,133.4486370428,gurgaon.csv,dummy,True
Gurgaon,Sector-35,53.0662784,19.2876039,7.918823826,4,18,6,32,388,57,23,528,66.6765685917,gurgaon.csv,dummy,True
Gurgaon,Sector-36,51.954075,85.800614,2.135441517,4,24,7,43,893,11,26,1008,472.0335312278,gurgaon.csv,dummy,True
Gurgaon,Sector-37,3.033069,29.5397706,2.934297982,6,23,7,58,545,54,20,713,242.9882733021,gurgaon.csv,dummy,True
Gurgaon,Sector-37 A,34.995728,104.655337,2.380456015,8,23,8,50,104,33,7,233,97.8804054903,gurgaon.csv,dummy,True
Gurgaon,Sector-37 B,-8.2795949,112.0327329,1.515503622,3,7,9,69,826,1,14,929,612.9975451817,gurgaon.csv,dummy,True
Gurgaon,Sector-37 C,28.845441,121.131229,5.206424149,7,15,6,19,326,15,13,401,77.0202327978,gurgaon.csv,dummy,True
Gurgaon,Sector-37 D,-8.4508069,122.9860159,1.403377516,10,30,9,5,637,59,20,770,548.6763121264,gurgaon.csv,dummy,True
Gurgaon,Sector-38,32.9536923,-96.816156,1.224005948,6,27,1,43,639,18,11,745,608.6571729633,gurgaon.csv,dummy,True
Gurgaon,Sector-39,55.6411722,37.8060214,6.909044863,1,19,8,60,621,57,27,793,114.7770807289,gurgaon.csv,dummy,True
Gurgaon,Sector-4,37.540419,120.787999,1.512043567,7,30,3,23,763,43,16,885,585.3005953763,gurgaon.csv,dummy,True
Gurgaon,Sector-40,-7.5173045,110.5933862,7.818259022,0,5,2,71,477,54,11,620,79.301542486,gurgaon.csv,dummy,True
Gurgaon,Sector-41,53.543617,49.2636336,6.202846213,9,25,2,42,146,52,30,306,49.3321919474,gurgaon.csv,dummy,True
Gurgaon,Sector-42,-43.2744697,-65.3109259,5.82689578,6,30,3,24,259,21,25,368,63.1554113707,gurgaon.csv,dummy,True
Gurgaon,Sector-43,14.2524816,100.7323332,7.147905808,10,14,3,22,884,1,1,935,130.8075435121,gurgaon.csv,dummy,True
Gurgaon,Sector-44,-34.4765431,-58.7226377,7.171369542,3,25,7,55,392,60,12,554,77.2516318892,gurgaon.csv,dummy,True
Gurgaon,Sector-45,19.4805668,-99.2058279,2.815214072,1,29,1,56,865,32,20,1004,356.6336251249,gurgaon.csv,dummy,True
Gurgaon,Sector-46,7.9187344,125.3297787,1.56602023,2,21,10,71,630,26,23,783,499.9935409519,gurgaon.csv,dummy,True
Gurgaon,Sector-47,57.5384659,25.4263618,1.698230367,5,23,9,73,105,48,13,276,162.5221202984,gurgaon.csv,dummy,True
Gurgaon,Sector-48,60.0018505,30.2871797,2.264558659,3,7,4,41,626,48,21,750,331.1903610972,gurgaon.csv,dummy,True
Gurgaon,Sector-49,-8.4699,121.2227,4.048621409,2,7,10,69,544,51,14,697,172.1573665669,gurgaon.csv,dummy,True
Gurgaon,Sector-50,38.2924675,23.9199305,4.498065638,8,4,10,75,427,46,28,598,132.9460368359,gurgaon.csv,dummy,True
Gurgaon,Sector-51,11.0978809,-2.0959429,3.467889183,7,25,8,24,784,52,14,914,263.5609016806,gurgaon.csv,dummy,True
Gurgaon,Sector-52,-27.5059385,-58.8089892,4.059418015,2,11,8,52,717,33,22,845,208.1579174349,gurgaon.csv,dummy,True
Gurgaon,Sector-52 A,-38.0033365,-57.5430848,5.272543993,2,24,5,67,546,25,5,674,127.8320296416,gurgaon.csv,dummy,True
Gurgaon,Sector-53,28.408233,112.932334,7.823151096,0,30,7,80,886,20,14,1037,132.5552820436,gurgaon.csv,dummy,True
Gurgaon,Sector-54,52.7456843,23.586422,2.242679501,8,10,6,12,124,24,4,188,83.8282955349,gurgaon.csv,dummy,True
Gurgaon,Sector-55,-13.5066591,-71.9927391,1.724292774,4,21,9,12,206,38,18,308,178.6239579752,gurgaon.csv,dummy,True
Gurgaon,Sector-56,31.364902,108.249509,6.130067933,9,5,5,61,567,16,11,674,109.9498418886,gurgaon.csv,dummy,True
Gurgaon,Sector-57,30.779444,120.00922,7.59887229,4,20,1,37,681,40,5,788,103.6995977728,gurgaon.csv,dummy,True
Gurgaon,Sector-58,40.9837776,-7.6593048,4.436655614,2,19,8,56,387,37,27,536,120.8117209523,gurgaon.csv,dummy,True
Gurgaon,Sector-59,-27.6849439,-52.2337184,2.892049496,5,16,1,40,819,44,14,939,324.683239792,gurgaon.csv,dummy,True
Gurgaon,Sector-6,39.073815,117.166453,7.529767426,3,30,3,6,682,20,9,753,100.0030887275,gurgaon.csv,dummy,True
Gurgaon,Sector-60,51.63343,-111.90181,1.608773198,10,4,8,34,428,11,5,500,310.7958291583,gurgaon.csv,dummy,True
Gurgaon,Sector-61,-16.4962793,-68.1372784,2.76196176,0,21,2,63,271,10,3,370,133.9627526197,gurgaon.csv,dummy,True
Gurgaon,Sector-62,56.5789712,85.1026739,2.360586948,9,21,4,58,210,30,13,345,146.1500921592,gurgaon.csv,dummy,True
Gurgaon,Sector-63,35.556017,118.45146,5.342810912,10,7,3,39,330,36,7,432,80.8563146095,gurgaon.csv,dummy,True
Gurgaon,Sector-64,28.074649,119.141473,7.979333767,0,24,1,6,120,49,12,212,26.5686341981,gurgaon.csv,dummy,True
Gurgaon,Sector-65,29.117096,110.479191,4.981469955,5,24,9,21,577,42,24,702,140.9222591608,gurgaon.csv,dummy,True
Gurgaon,Sector-66,39.1140535,-94.7743365,7.843536346,6,10,2,28,321,14,28,409,52.1448466556,gurgaon.csv,dummy,True
Gurgaon,Sector-67,6.0312787,7.5626411,6.720597906,1,11,4,23,562,10,10,621,92.4024928564,gurgaon.csv,dummy,True
Gurgaon,Sector-68,33.23203,35.75572,4.255745559,3,27,4,43,169,7,14,267,62.7387131816,gurgaon.csv,dummy,True
Gurgaon,Sector-69,0.7250599,33.3037143,5.938848148,3,24,3,42,186,27,2,287,48.3258694022,gurgaon.csv,dummy,True
Gurgaon,Sector-7,48.8809869,2.2760839,4.045053489,9,28,3,61,706,45,10,862,213.0997778754,gurgaon.csv,dummy,True
Gurgaon,Sector-70,31.87022,35.12682,3.880239451,0,26,8,60,247,29,25,395,101.7978413415,gurgaon.csv,dummy,True
Gurgaon,Sector-70 A,34.8100067,67.8212104,4.947076709,9,25,7,30,826,38,13,948,191.6283202715,gurgaon.csv,dummy,True
Gurgaon,Sector-71,-6.511,106.0243,5.452734759,10,10,9,47,761,49,7,893,163.7710322377,gurgaon.csv,dummy,True
Gurgaon,Sector-72,-9.563558,119.2472527,5.823035452,7,2,7,78,222,14,25,355,60.9647670749,gurgaon.csv,dummy,True
Gurgaon,Sector-73,31.2122278,-9.7093341,5.116167445,5,28,9,6,767,52,9,876,171.221917464,gurgaon.csv,dummy,True
Gurgaon,Sector-74 A,-31.5534831,-63.5362339,2.180124046,1,1,3,11,335,34,18,403,184.8518669107,gurgaon.csv,dummy,True
Gurgaon,Sector-75,-6.289662,106.755605,1.271336986,4,15,5,23,804,34,23,908,714.2087503148,gurgaon.csv,dummy,True
Gurgaon,Sector-76,-8.504043,117.428497,7.286021182,8,9,2,54,302,3,24,402,55.1741464866,gurgaon.csv,dummy,True
Gurgaon,Sector-77,35.2866986,36.7415432,4.252735834,10,12,10,66,281,49,20,448,105.3439521022,gurgaon.csv,dummy,True
Gurgaon,Sector-78,27.417467,107.257538,3.022598276,6,18,8,59,174,27,21,313,103.5532913802,gurgaon.csv,dummy,True
Gurgaon,Sector-79,8.3331847,123.8426301,6.001288832,7,15,9,34,841,33,19,958,159.6323767808,gurgaon.csv,dummy,True
Gurgaon,Sector-8,30.274084,120.15507,3.425919812,8,29,7,44,729,33,13,863,251.9031522504,gurgaon.csv,dummy,True
Gurgaon,Sector-80,-8.2711545,114.9605861,5.219672143,0,3,6,7,270,17,5,308,59.0075375545,gurgaon.csv,dummy,True
Gurgaon,Sector-81,39.871981,116.686439,4.006094496,2,16,3,5,337,60,14,437,109.0837973084,gurgaon.csv,dummy,True
Gurgaon,Sector-81 A,23.219932,102.835223,2.065893222,6,25,10,39,278,44,15,417,201.8497352909,gurgaon.csv,dummy,True
Gurgaon,Sector-82,-23.2245912,-52.7670021,1.757604736,0,16,7,2,623,4,16,668,380.0626991483,gurgaon.csv,dummy,True
Gurgaon,Sector-82 A,1.7488388,40.058633,4.129775374,6,8,6,54,627,25,16,742,179.6707890389,gurgaon.csv,dummy,True
Gurgaon,Sector-83,59.3673245,17.8425299,2.286646538,2,24,6,74,697,35,24,862,376.9712483653,gurgaon.csv,dummy,True
Gurgaon,Sector-84,49.5604375,13.1979079,3.231379361,6,6,1,23,559,52,4,651,201.4619539436,gurgaon.csv,dummy,True
Gurgaon,Sector-85,-12.7073296,-38.3231594,5.187511046,0,7,3,2,850,24,10,896,172.7225237797,gurgaon.csv,dummy,True
Gurgaon,Sector-86,-7.3966297,111.5498112,2.291469582,6,26,4,52,896,54,26,1064,464.3308418135,gurgaon.csv,dummy,True
Gurgaon,Sector-87,40.4742778,49.8255553,5.558821693,1,4,7,45,245,18,2,322,57.9259450623,gurgaon.csv,dummy,True
Gurgaon,Sector-88,55.6613674,37.4429397,3.782861853,5,14,4,55,307,43,2,430,113.6705533296,gurgaon.csv,dummy,True
Gurgaon,Sector-88 A,47.7557543,39.9363328,5.966056928,0,3,3,27,393,1,24,451,75.5943172254,gurgaon.csv,dummy,True
Gurgaon,Sector-88 B,41.6548062,-8.4907289,7.149048382,8,22,10,75,164,18,25,322,45.0409596906,gurgaon.csv,dummy,True
Gurgaon,Sector-89,35.3077846,51.7308724,6.142642077,6,19,10,40,608,6,6,695,113.1434961191,gurgaon.csv,dummy,True
Gurgaon,Sector-89 A,52.5017027,73.0947195,4.026778163,7,1,10,1,851,21,2,893,221.7653826092,gurgaon.csv,dummy,True
Gurgaon,Sector-9,-11.9019296,-76.6658165,5.283867905,6,25,10,10,645,41,7,744,140.8059424226,gurgaon.csv,dummy,True
Gurgaon,Sector-91,26.695419,101.841707,5.43470002,0,28,5,35,820,7,25,920,169.2825724721,gurgaon.csv,dummy,True
Gurgaon,Sector-92,40.2406662,-8.0733581,4.948443465,2,4,7,6,236,51,26,332,67.0918041902,gurgaon.csv,dummy,True
Gurgaon,Sector-93,51.068668,22.9614463,1.354649729,9,24,10,12,470,60,18,603,445.1335183488,gurgaon.csv,dummy,True
Gurgaon,Sector-94,5.13151,-1.2794744,3.780517505,10,10,9,58,186,14,15,302,79.8832433921,gurgaon.csv,dummy,True
Gurgaon,Sector-95,1.30198,124.913399,7.763400561,9,30,9,4,437,24,22,535,68.913100103,gurgaon.csv,dummy,True
Gurgaon,Sector-95 A,59.49639,34.67222,4.562264349,2,3,5,71,289,24,24,418,91.621170547,gurgaon.csv,dummy,True
Gurgaon,Sector-95 B,52.3608501,22.6229733,2.07261522,8,4,9,31,546,12,16,626,302.0338719697,gurgaon.csv,dummy,True
Gurgaon,Sector-96,48.0545898,24.2128943,2.054835625,9,14,2,26,358,1,18,428,208.2891666821,gurgaon.csv,dummy,True
Gurgaon,Sector-97,43.6121586,3.8626074,6.58504153,2,5,8,62,296,34,4,411,62.4141849566,gurgaon.csv,dummy,True
Gurgaon,Sector-98,48.6541216,22.3433482,2.724236749,0,13,4,21,667,28,20,753,276.4076948439,gurgaon.csv,dummy,True
Gurgaon,Sector-99,-7.7001724,-79.4338188,7.806690297,8,11,5,9,828,49,10,920,117.8476364502,gurgaon.csv,dummy,True
Gurgaon,Sector-99 A,34.931466,109.449831,2.077960585,4,20,6,57,467,24,18,596,286.819684792,gurgaon.csv,dummy,True
Gurgaon,Shivpuri,30.3312397,120.1534039,3.274389012,5,20,7,15,250,31,14,342,104.4469666697,gurgaon.csv,dummy,True
Gurgaon,Sohna,-2.5398781,14.7550108,4.941748808,9,15,2,9,431,43,20,529,107.0471245207,gurgaon.csv,dummy,True
Gurgaon,Sohna Road,-15.741151,-43.0280584,5.868391816,2,23,2,10,638,30,1,706,120.3055321008,gurgaon.csv,dummy,True
Gurgaon,Sohna Sector-2,33.888718,104.549972,4.335966034,2,28,10,9,672,41,2,764,176.2006422581,gurgaon.csv,dummy,True
Gurgaon,Sohna Sector-6,6.76716,80.9435092,4.83413183,5,29,8,7,270,42,19,380,78.6077031747,gurgaon.csv,dummy,True
Gurgaon,South City,16.7646627,-93.1569465,2.988405186,2,11,4,27,866,1,17,928,310.5335261589,gurgaon.csv,dummy,True
Gurgaon,Sultanpur,14.295795,120.9905117,2.410855162,8,10,2,56,754,6,22,858,355.8903137459,gurgaon.csv,dummy,True
Gurgaon,Sushant Lok I,27.353091,118.015602,1.218673289,7,1,10,5,206,50,26,305,250.2721629767,gurgaon.csv,dummy,True
Gurgaon,Sushant Lok Ph. 2,-5.9007717,-76.1129048,7.807270356,10,29,8,68,867,39,30,1051,134.618112615,gurgaon.csv,dummy,True
Gurgaon,Sushant Lok Ph. 3,-33.863927,151.201887,2.562711885,6,11,3,18,811,5,9,863,336.7526427966,gurgaon.csv,dummy,True
